satisfaction_level,last_evaluation,number_project,average_montly_hours,time_spend_company,Work_accident,left,promotion_last_5years,sales,salary
0.89,0.93,4,249,3,0,0,0,sales,low
0.2,0.68,5,167,7,0,0,0,marketing,medium
0.68,0.55,6,181,3,0,0,0,IT,medium
0.41,0.63,2,145,2,0,0,0,product_mng,low
0.93,0.87,3,154,3,1,0,0,IT,low
0.99,0.6,3,262,2,0,0,0,marketing,low
0.67,0.86,3,175,3,0,0,0,IT,low
0.55,0.4,3,139,8,0,0,1,hr,medium
0.58,0.9,5,257,3,0,0,0,marketing,medium
0.7,0.83,3,159,3,0,0,0,sales,low
0.38,0.56,2,156,3,0,1,0,technical,low
0.94,0.64,5,247,10,0,0,0,sales,medium
0.41,0.48,2,130,3,0,1,0,support,high
0.85,0.92,4,151,3,1,0,0,IT,medium
0.57,0.89,3,202,2,0,0,0,sales,medium
0.39,0.48,2,141,3,0,1,0,product_mng,medium
0.41,0.54,2,152,3,0,1,0,sales,medium
0.76,0.74,4,261,3,0,0,0,technical,medium
0.21,0.7,6,130,6,1,0,0,RandD,low
0.79,0.63,3,212,2,1,0,0,sales,medium
0.73,0.6,4,166,3,0,0,0,sales,high
0.1,0.83,7,302,5,0,1,0,IT,medium
0.45,0.55,5,268,2,0,0,0,technical,low
0.64,0.99,3,167,2,0,0,0,technical,low
0.6,0.89,3,232,2,0,0,0,support,low
0.82,0.86,4,264,5,0,1,0,management,medium
0.85,0.55,3,137,3,1,0,0,sales,low
0.61,0.53,4,266,3,0,0,0,accounting,medium
0.38,0.53,2,156,3,0,1,0,sales,low
0.41,0.56,2,143,3,0,1,0,technical,medium
0.1,0.95,6,256,4,0,1,0,technical,medium
0.11,0.84,6,252,4,0,1,0,technical,low
0.85,0.99,6,153,6,0,0,0,technical,medium
0.18,0.6,3,140,4,0,0,0,sales,low
0.83,0.55,5,247,3,0,0,0,sales,low
0.38,0.59,4,276,2,0,0,0,product_mng,low
0.18,0.54,4,145,5,0,0,0,RandD,low
0.87,0.81,5,236,3,0,0,0,technical,medium
0.81,0.83,3,133,3,1,0,0,IT,medium
0.8,0.96,3,257,5,0,0,0,support,medium
0.5,0.59,3,192,2,0,0,0,sales,low
0.89,0.56,3,224,2,0,0,0,support,medium
0.57,1,4,227,10,0,0,0,technical,low
0.9,0.85,3,253,3,0,0,0,sales,medium
0.42,0.56,2,149,3,0,1,0,sales,low
0.58,0.98,3,175,3,0,0,0,sales,low
0.11,0.83,6,306,4,0,1,0,support,low
0.61,0.83,4,153,2,0,0,0,technical,low
0.69,0.5,3,208,4,0,0,0,hr,low
0.68,0.58,4,186,2,0,0,0,sales,medium
0.7,0.79,4,194,3,0,0,0,sales,medium
0.63,0.59,4,171,4,0,0,0,RandD,low
0.92,0.49,5,259,3,1,0,0,support,medium
0.34,0.87,4,283,2,0,0,0,sales,high
0.37,0.54,2,131,3,1,1,0,hr,medium
0.91,0.78,3,269,3,1,0,0,technical,high
0.61,0.63,3,250,4,0,0,0,IT,low
0.77,0.81,4,164,3,0,0,0,technical,high
0.59,0.96,5,211,3,0,0,0,sales,medium
0.52,0.57,3,183,2,0,0,0,technical,low
0.4,0.46,2,149,3,0,1,0,technical,medium
0.33,0.59,3,243,2,0,0,0,technical,medium
0.11,0.88,7,253,4,0,1,0,hr,low
0.93,0.48,3,147,3,0,0,0,support,low
0.9,0.89,4,254,7,0,0,0,product_mng,low
0.62,0.64,5,187,3,0,0,0,sales,medium
0.58,0.88,4,255,3,0,0,0,sales,high
0.17,0.73,5,258,4,0,0,0,technical,medium
0.88,0.75,4,201,2,0,0,0,sales,medium
0.9,0.55,3,195,3,0,0,0,IT,medium
0.15,0.67,6,209,5,0,0,0,technical,low
0.41,0.48,6,165,4,0,0,0,IT,medium
0.49,0.59,4,137,4,0,0,0,technical,high
0.91,0.92,4,246,5,0,1,0,sales,low
0.52,0.62,5,239,2,0,0,0,sales,medium
0.93,0.67,5,237,4,0,0,0,product_mng,low
0.9,0.57,4,185,3,1,0,0,technical,medium
0.55,0.65,5,138,2,0,0,0,technical,medium
0.1,0.85,6,283,4,0,1,0,sales,medium
0.81,0.47,4,153,7,0,0,0,product_mng,low
0.37,0.92,4,211,7,0,0,0,sales,high
0.74,0.74,5,175,3,0,0,0,sales,low
0.9,0.92,5,154,4,0,1,0,sales,low
0.61,0.6,3,255,2,0,0,0,RandD,medium
0.11,0.83,6,244,4,0,1,0,accounting,low
0.78,0.79,5,233,3,1,0,0,RandD,high
0.48,0.38,3,134,3,0,0,0,product_mng,medium
0.15,0.94,5,244,6,0,0,0,technical,high
0.79,0.94,4,232,5,0,1,0,technical,medium
0.64,0.77,3,249,2,1,0,0,support,low
0.76,0.82,4,170,6,0,0,0,sales,medium
0.41,0.57,3,193,3,1,0,0,IT,medium
0.48,0.54,4,105,5,1,0,0,support,low
0.75,0.81,5,227,5,0,1,0,technical,medium
0.22,0.88,4,213,3,1,0,0,technical,medium
0.57,0.81,3,144,3,0,0,0,sales,low
0.85,0.57,5,190,2,1,0,0,technical,medium
0.1,0.84,6,279,4,0,1,0,sales,low
0.5,0.62,4,166,3,1,0,0,support,low
0.74,0.7,4,167,3,1,0,0,technical,low
0.62,0.57,3,223,3,1,0,0,support,low
0.18,0.48,4,176,4,1,0,0,sales,low
0.71,0.39,3,261,3,0,0,0,RandD,medium
0.11,0.83,6,306,4,0,1,0,support,low
0.97,0.92,6,137,8,1,0,0,product_mng,low
0.72,0.39,3,257,3,0,0,0,technical,low
0.81,0.73,4,186,3,0,0,0,support,low
0.53,0.97,4,249,3,0,0,0,sales,medium
0.95,0.54,4,255,2,0,0,0,sales,low
0.92,0.67,3,149,3,0,0,0,sales,low
0.92,0.85,3,207,2,0,0,0,support,low
0.49,0.99,3,199,3,0,0,0,sales,medium
0.62,0.94,4,252,4,0,0,0,accounting,low
0.78,0.6,4,206,3,0,0,0,sales,medium
0.1,0.9,7,290,4,0,1,0,sales,low
0.75,0.97,5,243,6,0,1,0,technical,medium
0.74,0.69,3,230,2,0,0,0,support,medium
0.56,0.66,3,212,2,0,0,0,technical,medium
0.37,0.71,2,139,4,0,0,0,RandD,high
0.56,0.99,4,230,3,0,0,0,sales,high
0.49,0.87,3,212,2,0,0,0,product_mng,medium
0.81,0.68,3,151,3,0,0,0,accounting,low
1,0.49,4,140,3,0,0,0,sales,low
0.83,0.75,6,215,5,0,0,0,sales,medium
0.82,0.97,5,263,5,0,1,0,technical,medium
0.8,0.87,4,220,2,0,0,0,IT,medium
0.44,0.53,2,159,3,0,1,0,sales,low
0.92,0.54,4,217,4,0,0,0,support,low
0.91,0.98,4,242,6,0,1,0,support,low
0.58,0.75,4,244,4,0,0,0,sales,low
0.79,0.59,3,145,2,0,0,0,support,low
0.5,1,5,264,8,0,0,1,accounting,high
0.65,0.98,3,252,2,0,0,0,product_mng,high
0.76,0.56,3,154,2,0,0,0,IT,low
0.21,0.44,4,163,6,0,0,0,sales,high
0.85,0.9,2,168,2,0,1,0,sales,medium
0.61,0.9,4,216,3,0,0,0,technical,medium
0.77,0.94,5,226,6,0,1,0,support,low
0.63,0.93,4,233,3,0,0,0,IT,medium
0.81,0.62,3,187,3,0,0,0,technical,low
0.94,0.59,6,212,2,0,0,0,sales,medium
0.62,0.77,3,271,2,0,0,0,sales,medium
0.91,0.56,4,241,2,0,0,0,IT,low
0.4,0.49,2,143,3,0,1,0,product_mng,medium
0.68,0.5,3,139,3,0,0,0,technical,medium
0.38,0.52,2,154,3,0,1,0,sales,medium
0.63,0.78,2,158,5,1,0,0,sales,medium
0.84,0.8,3,151,3,1,0,0,RandD,low
0.91,0.82,2,241,3,0,0,0,sales,medium
0.41,0.46,2,151,3,0,1,0,product_mng,low
0.58,0.67,5,265,3,0,0,0,support,medium
0.73,0.48,4,139,2,0,0,0,RandD,low
0.41,0.45,2,144,3,1,1,0,product_mng,low
0.99,0.61,3,254,3,0,0,0,marketing,medium
0.54,0.65,3,202,3,0,0,0,marketing,low
0.73,0.78,5,150,3,0,0,0,sales,low
0.48,0.77,5,250,2,0,0,1,RandD,medium
0.76,0.76,3,197,2,0,0,0,sales,medium
0.71,0.79,3,189,3,0,0,0,IT,medium
0.93,0.6,4,271,3,0,0,0,accounting,low
0.27,0.47,5,217,6,0,0,0,accounting,medium
0.56,0.71,4,296,2,0,1,0,IT,medium
0.52,0.62,3,160,2,0,0,0,hr,medium
0.46,0.53,2,147,3,0,1,0,sales,low
0.86,1,4,256,3,0,0,0,technical,medium
0.49,0.77,3,211,3,0,0,0,IT,high
0.94,0.53,4,183,3,0,0,0,IT,medium
0.76,0.99,3,133,4,0,0,0,sales,low
0.95,0.9,3,259,2,0,0,0,support,low
0.78,0.63,4,181,2,0,0,0,sales,medium
0.2,0.69,6,236,4,0,0,0,technical,low
0.81,0.88,5,242,5,0,1,0,support,medium
0.56,0.63,4,204,4,0,0,0,marketing,medium
0.85,0.9,5,247,2,0,0,0,technical,medium
0.09,0.94,7,247,4,0,1,0,sales,medium
0.66,0.5,3,139,10,1,0,0,sales,low
0.73,0.65,3,165,3,0,0,0,IT,low
0.31,0.92,4,133,6,0,0,0,support,medium
0.1,0.83,6,258,4,0,1,0,management,low
0.89,1,5,253,5,0,1,0,technical,medium
0.43,0.53,2,131,3,0,1,0,IT,low
0.51,0.75,4,175,2,0,0,0,hr,medium
0.55,0.86,4,169,6,0,0,0,IT,medium
0.42,0.48,2,129,3,0,1,0,management,low
0.45,0.5,2,126,3,0,1,0,technical,low
0.84,0.84,4,266,3,0,0,0,support,low
0.45,0.45,2,154,3,1,1,0,support,medium
0.43,0.51,2,141,3,0,1,0,sales,low
0.68,0.81,5,266,2,0,0,0,accounting,medium
0.81,0.86,4,213,3,0,0,0,support,low
0.37,0.48,2,134,3,0,1,0,marketing,medium
0.81,1,5,235,5,0,1,0,accounting,low
0.62,0.51,5,134,3,0,0,0,sales,high
0.09,0.89,7,308,5,0,1,0,hr,medium
0.62,0.49,3,172,3,0,0,0,sales,medium
0.65,0.84,4,247,4,0,0,0,accounting,high
0.6,0.61,3,104,5,0,0,0,IT,medium
0.83,0.74,4,233,3,0,0,0,accounting,medium
0.57,0.39,4,132,3,0,0,0,product_mng,high
0.87,0.48,4,264,3,0,0,0,IT,medium
0.61,0.55,3,245,3,0,0,0,sales,medium
0.71,0.66,3,238,2,0,0,0,technical,low
0.43,0.47,2,144,3,0,1,0,hr,medium
0.72,0.9,3,193,3,0,0,0,IT,medium
0.1,0.86,6,288,4,0,1,0,sales,medium
0.39,0.52,2,148,3,1,1,0,marketing,low
0.64,0.79,4,274,2,1,0,0,technical,low
0.2,0.97,4,237,5,0,0,0,IT,medium
0.45,0.46,2,128,3,0,1,0,sales,low
0.45,0.47,2,146,3,0,1,0,sales,medium
0.11,0.85,7,302,4,0,1,0,sales,low
0.88,0.62,4,138,3,0,0,0,technical,medium
0.6,0.57,2,184,3,0,0,0,sales,medium
0.1,0.87,6,307,4,0,1,0,product_mng,high
0.33,0.41,2,198,4,0,0,0,technical,medium
0.29,0.91,4,183,4,0,0,0,RandD,low
0.57,0.99,3,222,3,1,0,1,management,low
0.89,0.52,3,164,3,0,0,0,technical,high
0.19,0.85,6,259,3,1,0,0,support,low
0.8,0.96,4,160,4,0,0,0,IT,low
0.99,0.73,4,240,4,0,0,0,accounting,low
0.11,0.77,6,275,4,0,1,0,accounting,low
0.72,0.71,5,137,3,0,0,0,technical,low
0.52,0.59,5,150,2,0,0,0,sales,low
0.75,0.99,5,254,5,0,1,0,sales,low
0.14,0.83,5,171,6,0,0,0,technical,medium
0.78,0.87,5,243,5,0,1,0,technical,low
0.76,0.92,3,176,2,0,0,0,IT,medium
0.67,0.52,3,273,3,0,0,0,sales,low
0.98,0.91,3,188,4,0,0,0,accounting,medium
0.88,0.59,5,147,4,0,0,0,sales,high
0.93,0.95,2,156,3,1,0,0,support,low
0.63,0.49,5,192,2,0,0,0,sales,low
0.76,0.59,3,201,6,1,0,0,IT,medium
0.48,0.84,4,186,7,0,0,1,management,medium
0.93,0.87,5,154,2,0,0,0,technical,medium
0.23,0.97,4,200,3,0,0,0,sales,low
0.57,0.7,3,158,3,0,0,0,hr,high
0.4,0.72,3,139,2,0,0,0,support,medium
0.71,0.56,3,177,4,0,0,0,support,high
0.73,0.93,5,162,4,0,1,0,technical,low
0.86,0.81,3,232,4,0,0,0,RandD,low
0.8,0.79,5,240,4,0,0,0,IT,medium
0.11,0.88,7,272,4,0,1,0,sales,medium
0.57,0.54,4,142,4,0,0,0,technical,medium
0.64,0.64,2,190,3,0,0,0,sales,low
1,0.87,4,129,5,0,0,0,support,medium
0.61,0.83,5,269,5,1,0,0,sales,low
0.94,0.59,3,151,2,0,0,0,sales,low
0.77,0.76,5,149,2,0,0,0,technical,medium
0.75,0.98,4,198,3,0,0,0,support,low
0.13,0.93,4,253,5,1,0,0,product_mng,low
0.57,0.98,3,171,3,0,0,0,product_mng,medium
0.17,0.49,4,286,5,1,0,0,sales,low
0.4,0.69,2,174,3,0,0,0,sales,medium
0.45,0.46,2,142,3,0,1,0,support,medium
0.95,0.53,3,264,3,0,0,0,sales,low
0.64,0.85,3,250,3,0,0,0,marketing,low
0.94,0.73,5,142,2,1,0,0,IT,high
0.76,0.8,4,226,5,0,0,0,support,low
0.62,0.51,4,193,3,0,0,0,accounting,high
1,0.65,4,202,4,1,0,0,hr,low
0.8,0.85,4,273,5,0,1,0,management,low
0.89,0.99,4,205,2,0,0,1,sales,medium
0.09,0.86,6,245,4,0,1,0,sales,low
0.53,0.7,4,223,3,0,0,0,sales,low
0.54,0.63,4,140,3,0,0,0,sales,medium
0.56,0.55,2,270,3,0,0,0,sales,medium
0.85,0.66,3,235,3,0,0,0,technical,low
0.79,0.57,3,250,3,0,0,0,sales,low
0.73,0.63,3,172,4,1,0,0,accounting,low
0.42,0.53,2,131,3,0,1,0,accounting,medium
0.39,0.37,5,156,4,0,0,0,sales,medium
0.79,0.6,5,223,3,0,0,0,sales,low
0.92,0.99,5,255,6,0,1,0,sales,low
0.66,0.62,3,144,3,0,0,0,management,low
0.62,0.58,3,202,2,0,0,0,support,medium
0.96,0.53,5,224,4,0,0,0,sales,low
0.13,0.9,5,264,6,0,0,0,technical,high
0.77,0.68,3,214,8,1,0,0,management,high
0.1,0.95,7,301,4,0,1,0,marketing,low
0.92,0.6,4,161,3,0,0,0,IT,low
0.1,0.84,6,279,4,0,1,0,sales,low
0.66,0.9,3,217,4,0,0,0,product_mng,medium
0.81,0.6,3,140,2,0,0,0,technical,high
0.84,0.74,3,182,4,0,1,0,technical,low
0.53,0.83,3,267,4,0,0,0,technical,medium
0.58,1,4,220,10,0,0,0,marketing,medium
0.66,0.96,3,175,2,0,0,0,sales,low
0.89,0.93,3,168,2,0,0,0,sales,high
0.44,0.56,2,158,3,0,1,0,accounting,medium
0.64,0.67,2,223,3,0,0,0,product_mng,medium
0.83,0.8,3,240,8,0,0,0,sales,low
0.97,0.63,5,258,2,0,0,0,IT,medium
0.73,0.75,5,265,3,0,0,0,RandD,low
0.69,0.9,5,103,5,0,0,0,product_mng,low
0.94,0.99,2,157,3,0,0,0,sales,medium
0.9,0.96,5,243,5,0,1,0,technical,medium
0.45,0.72,4,149,3,0,0,0,marketing,low
0.79,0.56,3,149,10,0,0,0,product_mng,low
0.95,0.48,4,225,3,0,0,0,sales,medium
0.7,0.6,5,208,3,0,0,0,management,medium
0.77,0.67,3,186,2,0,0,0,technical,low
0.69,0.97,5,105,4,0,0,0,sales,low
0.9,0.7,3,147,4,0,0,0,technical,low
0.59,0.8,5,247,3,0,0,0,accounting,medium
0.85,0.54,3,185,10,0,0,1,management,high
0.73,0.68,4,227,3,0,0,0,sales,low
0.37,0.67,2,159,2,0,0,0,product_mng,low
0.58,0.62,5,270,2,0,0,0,sales,high
0.76,0.87,5,262,5,0,1,0,support,low
0.94,0.8,6,147,3,0,0,0,technical,medium
0.61,0.95,4,191,2,0,0,0,hr,low
0.6,0.53,2,235,7,0,0,0,IT,medium
0.4,0.56,2,148,3,0,1,0,technical,medium
0.6,0.77,3,202,3,0,0,0,sales,low
0.37,0.46,2,158,3,0,1,0,hr,low
0.81,0.51,4,271,2,0,0,0,sales,low
0.69,0.49,3,198,4,0,0,0,technical,medium
0.51,0.89,4,233,7,0,0,0,sales,medium
0.65,0.89,5,223,3,1,0,0,accounting,medium
0.43,0.46,2,156,3,0,1,0,technical,low
0.11,0.81,6,305,4,0,1,0,sales,low
0.78,0.86,4,249,5,0,1,0,sales,medium
0.69,0.51,3,257,3,1,0,0,IT,low
0.56,0.66,4,264,3,0,0,0,sales,low
0.6,0.49,3,239,2,0,0,0,sales,medium
0.41,0.49,2,146,3,0,1,0,IT,low
0.97,0.67,2,147,2,0,0,0,sales,medium
0.64,0.91,4,150,3,0,0,0,technical,low
0.7,0.84,3,260,4,1,0,0,support,medium
0.45,0.54,2,184,2,0,0,0,IT,low
0.76,0.8,5,217,2,0,0,0,sales,medium
0.15,0.81,5,280,3,1,0,0,RandD,high
0.72,0.58,4,149,3,0,0,0,product_mng,low
0.77,0.99,4,260,3,0,0,0,sales,medium
0.42,0.57,2,154,3,1,1,0,marketing,medium
0.49,0.54,4,247,3,1,0,0,sales,medium
0.84,0.94,5,222,6,0,1,0,product_mng,low
0.87,0.89,4,219,4,0,0,0,technical,high
0.28,0.7,2,164,4,0,0,0,IT,medium
0.36,0.55,2,152,3,0,1,0,IT,low
0.53,0.74,3,135,2,0,0,0,marketing,low
0.95,0.53,3,174,3,0,0,0,support,medium
0.76,0.63,3,198,3,0,0,0,RandD,low
0.51,0.56,4,198,2,1,0,0,technical,medium
0.76,0.65,4,240,3,0,0,0,technical,low
0.92,0.66,3,230,3,0,0,0,technical,high
0.62,0.73,4,191,3,0,0,0,RandD,high
0.64,0.55,4,215,2,0,0,0,sales,low
0.92,0.49,5,145,3,0,0,0,technical,low
0.84,0.99,2,184,2,0,0,0,sales,high
0.96,0.61,3,140,3,0,0,0,marketing,low
0.11,0.89,6,260,5,0,1,0,sales,low
0.85,0.86,3,255,2,0,0,0,sales,low
0.63,0.74,4,155,2,0,0,0,sales,medium
0.97,0.55,2,267,4,0,0,0,marketing,medium
0.62,0.97,2,271,3,0,0,0,sales,low
0.43,0.49,2,131,3,0,1,0,RandD,high
0.63,0.82,3,269,3,0,0,0,sales,low
0.42,0.51,2,136,3,0,1,0,technical,medium
0.74,1,5,248,5,0,1,0,support,medium
0.2,0.53,5,272,5,0,0,0,product_mng,low
0.36,0.56,2,137,3,0,1,0,sales,low
0.76,0.98,4,258,3,0,0,0,RandD,low
0.72,0.73,3,198,2,0,0,0,technical,low
0.15,0.91,6,98,6,1,0,0,technical,low
0.89,0.95,4,275,5,0,1,0,technical,medium
0.92,0.58,4,201,2,0,0,0,marketing,low
0.58,0.58,3,122,3,0,0,0,management,high
0.94,0.88,5,150,4,0,0,0,technical,medium
0.86,0.58,3,151,2,0,0,0,technical,low
0.63,0.65,4,246,6,1,0,0,sales,low
0.74,0.87,5,242,5,0,1,0,support,medium
0.1,0.93,6,289,4,1,1,0,support,low
0.51,0.5,4,216,2,1,0,0,management,medium
0.74,0.73,3,156,8,0,0,0,management,medium
0.43,0.56,2,129,3,0,1,0,sales,low
0.73,0.53,3,205,2,0,0,0,sales,medium
0.92,0.58,5,205,2,1,0,0,management,medium
0.84,0.86,5,268,5,0,1,0,marketing,medium
0.74,0.98,4,160,2,0,0,0,support,low
0.77,0.84,4,196,3,0,0,0,sales,low
0.97,0.77,3,206,4,0,0,0,support,medium
0.55,0.76,4,257,3,0,0,0,support,medium
0.82,0.91,5,232,5,0,1,0,technical,low
0.7,0.74,3,157,3,0,0,0,technical,high
0.86,0.61,5,265,3,0,0,0,support,low
0.99,0.57,3,176,4,1,0,0,support,medium
0.67,0.67,4,226,2,0,0,0,technical,high
0.09,0.94,6,266,4,0,1,0,sales,medium
0.79,0.86,5,235,5,0,1,0,support,medium
0.7,0.89,6,214,2,0,0,0,sales,low
0.92,0.9,4,249,3,0,0,0,IT,low
0.4,0.51,2,145,3,0,1,0,hr,low
0.38,0.45,2,127,3,0,1,0,technical,low
0.9,0.99,5,260,5,0,1,0,sales,low
0.16,0.93,6,218,6,1,0,0,product_mng,high
0.59,0.59,3,141,3,0,0,0,RandD,low
0.1,0.88,7,282,4,0,1,0,support,low
0.46,0.54,2,158,3,0,1,0,support,medium
0.54,0.85,4,157,3,0,0,1,technical,medium
0.65,0.54,4,191,4,0,0,0,accounting,medium
0.36,0.54,2,136,3,0,1,0,IT,low
0.46,0.38,6,165,3,0,0,0,accounting,low
0.46,0.45,2,143,3,0,1,0,technical,low
0.54,0.51,3,265,3,0,0,0,accounting,low
0.67,0.57,3,206,3,1,0,0,product_mng,medium
0.95,0.67,4,261,3,0,0,0,technical,low
0.39,0.86,3,261,2,0,0,0,accounting,low
0.65,0.79,5,266,3,0,0,0,marketing,medium
0.84,0.82,5,240,5,0,1,0,accounting,medium
0.82,0.76,4,266,3,0,0,1,management,high
0.63,0.67,4,149,3,1,0,0,sales,medium
0.82,0.87,4,239,5,0,1,0,sales,low
0.39,0.58,3,152,3,1,0,0,accounting,low
0.44,0.54,2,139,3,0,1,0,support,medium
0.66,0.83,4,266,3,1,0,0,technical,medium
0.88,0.53,3,188,3,0,0,0,technical,low
0.97,0.64,4,238,10,1,0,0,product_mng,medium
0.68,0.54,4,153,3,0,0,0,product_mng,medium
0.77,0.73,5,263,2,0,0,0,accounting,high
0.83,0.95,3,255,3,0,0,0,technical,medium
0.11,0.94,6,277,5,0,1,0,technical,low
0.87,0.52,3,152,4,0,0,0,technical,low
0.82,0.55,3,217,4,1,0,0,technical,medium
0.78,0.93,4,161,3,0,0,0,sales,low
0.83,0.86,4,98,4,0,0,0,sales,low
0.37,0.52,2,159,3,0,1,0,sales,low
0.11,0.84,6,298,4,0,1,0,sales,low
0.98,0.63,4,232,2,0,0,0,hr,medium
0.57,0.91,4,252,4,0,0,0,IT,low
0.78,0.55,3,143,3,0,0,0,RandD,low
0.92,0.99,3,190,3,0,0,0,marketing,medium
0.88,0.82,3,265,3,0,0,0,product_mng,medium
0.41,0.54,2,152,3,0,1,0,technical,low
0.48,0.93,3,219,6,0,1,0,technical,low
0.94,0.86,3,221,3,1,0,0,sales,medium
0.73,0.97,6,189,2,0,1,0,sales,low
0.39,0.57,2,158,3,0,1,0,sales,low
0.58,0.72,3,113,3,1,0,0,management,medium
0.84,0.91,4,207,3,0,0,0,support,low
0.49,0.63,6,265,3,0,1,0,technical,low
0.1,0.97,6,307,4,0,1,0,technical,low
0.52,0.98,4,148,3,0,0,0,sales,low
0.1,0.87,7,289,4,0,1,0,sales,low
0.89,0.88,3,203,3,0,0,0,accounting,high
0.63,0.49,4,151,3,0,0,0,technical,medium
0.21,0.66,4,165,5,0,0,0,support,low
0.49,0.93,4,184,3,0,0,0,technical,medium
0.84,0.5,3,227,2,0,0,0,support,low
0.45,0.58,3,200,2,0,0,0,RandD,medium
0.39,0.51,2,155,3,0,1,0,management,low
0.78,0.58,3,150,3,1,0,0,technical,low
0.77,0.5,3,141,3,0,0,0,IT,medium
0.52,0.55,5,174,3,1,0,0,sales,medium
0.43,0.53,2,150,3,0,1,0,sales,low
0.55,0.95,4,249,4,0,0,0,technical,medium
0.44,0.51,2,134,3,0,1,0,hr,medium
0.55,0.71,3,211,2,0,0,0,management,low
0.18,0.75,3,142,2,0,0,0,product_mng,low
0.85,0.86,3,179,3,0,0,0,product_mng,low
0.77,0.93,4,171,2,0,0,0,hr,medium
0.91,1,5,251,6,0,1,0,sales,low
0.65,0.57,3,168,2,0,0,0,sales,high
0.54,0.49,2,155,2,1,0,0,marketing,medium
0.54,0.65,3,185,2,0,0,0,accounting,high
0.87,0.91,5,228,5,0,1,0,support,low
0.74,0.99,5,263,5,0,1,0,RandD,low
0.91,0.62,4,158,3,1,0,0,sales,medium
0.75,0.58,3,159,3,0,0,0,technical,medium
0.84,0.79,4,222,3,0,0,0,RandD,low
0.82,0.59,3,210,3,0,0,0,management,medium
0.57,0.97,5,196,2,0,0,0,support,medium
0.43,0.52,2,139,3,0,1,0,product_mng,low
0.53,0.6,5,247,3,0,0,0,technical,low
0.7,0.74,5,255,2,0,0,0,technical,medium
0.86,0.97,4,258,3,0,0,0,technical,high
0.1,0.95,7,301,4,0,1,0,sales,low
0.99,0.67,3,200,2,0,0,0,technical,low
0.84,0.75,2,168,2,0,0,0,technical,low
0.61,0.55,4,231,3,0,0,0,technical,low
0.75,0.98,4,170,4,0,0,0,management,medium
0.77,0.8,3,207,3,0,0,0,sales,low
0.88,0.86,5,257,3,0,0,0,technical,low
0.84,0.61,3,253,2,0,0,0,sales,medium
0.61,0.41,3,138,3,0,0,0,support,low
0.78,0.64,3,169,2,1,0,0,technical,medium
0.91,0.51,2,211,2,0,0,0,accounting,medium
0.69,0.81,5,217,2,0,0,0,technical,medium
0.8,0.73,5,135,3,0,0,0,support,medium
0.37,0.47,2,149,3,0,1,0,IT,medium
0.52,0.82,4,206,2,1,0,0,sales,high
0.43,0.54,2,153,3,0,1,0,product_mng,medium
0.97,0.63,5,199,2,1,0,0,IT,high
0.57,1,3,241,4,0,0,0,technical,low
0.54,0.63,3,211,3,0,0,0,RandD,low
0.55,0.8,3,192,3,1,0,0,marketing,low
0.71,0.68,4,221,4,0,0,0,technical,medium
0.73,0.89,3,226,3,1,0,0,technical,high
0.78,0.45,3,253,6,0,0,1,support,medium
0.18,0.67,5,209,4,0,0,0,sales,medium
0.84,0.93,4,251,5,0,1,0,technical,medium
0.76,0.6,5,244,3,1,0,0,technical,low
0.61,0.42,3,104,2,0,0,0,hr,medium
0.85,0.82,3,153,3,1,0,0,sales,low
0.73,0.89,5,236,6,0,1,0,product_mng,low
0.17,0.84,5,232,3,0,1,0,sales,low
0.69,0.7,4,169,2,0,0,0,sales,low
0.8,0.95,4,272,2,0,0,0,sales,low
0.6,0.62,3,135,2,0,0,0,sales,medium
0.69,0.72,4,185,10,1,0,0,management,high
0.54,0.61,4,151,4,1,0,0,support,medium
0.6,0.87,4,227,3,1,0,0,technical,medium
0.86,0.88,5,268,5,0,1,0,technical,medium
0.8,0.6,5,217,3,0,0,0,management,high
0.2,0.42,4,256,5,0,0,0,hr,low
0.64,0.63,5,105,5,1,0,0,RandD,low
0.82,0.61,3,229,2,0,0,0,sales,medium
0.71,0.97,5,208,8,1,0,0,management,medium
0.18,0.49,5,250,5,1,0,0,RandD,medium
0.45,0.54,2,129,3,0,1,0,technical,medium
0.93,0.56,5,140,3,0,0,0,technical,medium
0.85,0.58,4,186,7,0,0,0,sales,medium
0.69,0.6,3,139,2,0,0,0,marketing,low
0.23,0.9,5,234,3,1,0,0,sales,low
0.87,0.94,4,189,3,0,0,1,sales,medium
0.34,0.89,5,266,6,0,0,0,sales,medium
0.6,0.5,5,203,3,0,0,0,sales,medium
0.53,0.81,3,275,2,0,0,0,technical,low
0.23,0.7,4,233,2,0,0,0,management,medium
0.75,0.59,5,149,4,0,0,0,sales,medium
0.99,0.62,4,140,2,1,0,0,support,low
0.72,0.57,2,248,2,0,0,0,technical,low
0.9,0.49,6,175,4,0,0,0,sales,low
0.48,0.61,3,251,3,0,0,0,support,medium
0.69,0.61,2,141,3,0,0,0,technical,medium
0.99,0.81,3,183,2,0,0,0,technical,low
0.83,0.7,5,168,3,0,0,0,hr,low
0.75,0.77,4,204,2,0,0,0,support,low
0.65,0.98,3,252,2,0,0,0,product_mng,high
0.91,0.92,4,246,5,0,1,0,sales,low
0.7,0.67,5,136,3,0,0,0,sales,medium
0.9,0.67,4,233,3,0,0,1,sales,medium
0.82,0.88,4,171,2,0,0,0,product_mng,low
0.95,0.52,3,183,2,1,0,0,sales,low
0.38,0.49,2,151,3,0,1,0,technical,low
0.91,0.64,3,241,10,0,0,0,sales,medium
0.75,0.61,3,263,3,0,0,0,sales,low
0.82,0.92,4,252,5,0,1,0,marketing,medium
0.83,0.54,3,149,3,0,0,0,support,low
0.83,0.54,4,189,4,0,0,0,RandD,low
0.74,0.63,3,180,3,0,0,0,management,high
0.43,0.47,2,135,3,0,1,0,sales,low
0.75,0.99,2,237,5,1,0,0,product_mng,low
0.94,0.92,3,273,3,0,0,0,technical,high
0.77,0.49,2,286,7,0,0,0,marketing,low
0.94,0.87,4,157,3,0,0,0,technical,medium
0.6,0.61,4,140,4,0,0,0,sales,medium
0.41,0.54,2,145,3,0,1,0,support,low
0.41,0.87,6,262,6,0,0,0,sales,high
1,0.61,6,270,3,0,0,0,sales,low
0.73,0.52,4,141,3,0,0,0,support,medium
0.24,0.6,4,195,5,0,0,0,sales,medium
0.18,0.67,5,285,5,0,0,0,accounting,low
0.5,0.77,3,204,2,0,0,0,marketing,medium
0.87,0.73,3,172,3,1,0,0,support,low
0.87,1,5,242,5,0,1,0,sales,low
0.4,0.52,2,147,3,0,1,0,product_mng,medium
0.75,0.98,2,161,3,0,0,0,product_mng,low
0.24,0.54,4,226,4,1,0,0,accounting,medium
0.5,0.96,4,147,3,0,0,0,sales,low
0.86,0.79,3,242,2,0,0,0,support,low
0.91,1,4,245,6,0,1,0,RandD,medium
0.42,0.56,2,134,3,0,1,0,support,low
0.1,0.87,6,248,4,0,1,0,sales,low
0.37,0.5,2,154,3,0,1,0,hr,medium
0.65,0.98,3,136,3,0,0,0,support,low
0.74,0.64,4,101,6,1,0,0,IT,low
0.83,0.9,4,195,3,0,0,0,sales,low
0.57,0.54,4,167,3,0,0,0,technical,medium
0.58,0.67,3,156,2,0,0,0,RandD,low
0.37,0.51,2,127,3,0,1,0,sales,medium
0.7,0.56,5,208,3,0,0,0,technical,medium
0.1,0.55,2,247,4,0,1,0,sales,medium
0.68,0.58,3,217,2,0,0,0,marketing,high
0.54,0.68,6,249,5,0,0,0,product_mng,medium
0.96,0.91,4,228,3,1,0,0,support,low
0.82,0.59,3,178,2,0,0,0,IT,medium
0.76,0.97,3,271,3,0,0,0,sales,low
0.85,0.58,4,273,4,0,0,0,IT,medium
0.91,0.53,3,273,6,0,0,0,management,low
0.8,0.68,3,160,3,0,0,0,RandD,low
0.72,0.8,3,158,3,0,0,0,sales,medium
0.76,0.93,3,266,3,1,0,0,marketing,low
0.15,0.92,5,164,3,0,0,0,sales,medium
0.97,0.84,3,223,3,0,0,0,sales,low
0.84,0.5,5,267,2,0,0,0,technical,low
0.74,0.37,6,200,3,0,0,0,product_mng,low
0.16,0.57,5,144,4,1,0,0,product_mng,low
0.52,0.7,4,247,5,0,0,0,IT,medium
0.21,0.53,3,229,5,0,0,0,accounting,medium
0.11,0.86,6,299,4,1,1,0,sales,low
0.97,0.49,3,199,2,0,0,0,support,medium
0.93,0.6,5,170,2,0,0,0,technical,medium
0.9,0.87,4,231,5,0,0,0,management,low
0.5,0.92,4,266,7,0,0,0,product_mng,medium
0.25,0.67,2,136,6,0,0,0,sales,medium
0.96,0.62,5,230,2,0,0,0,sales,medium
0.63,0.48,4,180,4,0,0,0,management,high
0.95,0.57,3,238,3,0,0,0,IT,low
0.55,0.67,3,150,2,0,0,1,sales,low
0.74,0.99,2,277,3,0,1,0,IT,medium
0.74,1,4,249,5,0,1,0,IT,low
0.7,0.55,4,227,3,0,0,0,sales,medium
0.62,0.73,3,144,10,1,0,0,support,high
0.81,0.85,4,251,6,0,1,0,hr,medium
0.75,0.66,5,177,2,0,0,0,sales,low
0.1,0.94,7,264,4,0,1,0,IT,medium
0.5,0.54,5,153,4,0,1,0,support,low
0.09,0.8,6,304,5,0,1,0,technical,medium
0.97,0.88,3,204,2,0,0,0,management,low
0.69,0.75,3,179,2,1,0,0,sales,high
0.7,0.6,3,183,3,0,0,0,sales,low
0.49,0.72,4,246,3,0,0,0,product_mng,low
0.92,0.92,3,159,3,0,0,0,IT,low
0.7,0.47,2,176,5,0,0,0,product_mng,low
0.99,0.99,4,195,2,0,0,0,accounting,low
0.88,0.72,5,181,4,0,0,0,technical,low
0.9,0.66,4,242,3,0,0,0,support,high
0.19,0.83,5,280,4,0,0,0,RandD,low
0.85,0.58,4,186,7,0,0,0,sales,medium
0.1,0.96,7,301,4,0,1,0,hr,low
0.56,0.55,3,250,4,0,0,0,technical,medium
0.75,0.93,3,247,2,0,0,0,technical,high
0.87,0.82,6,176,3,0,0,0,product_mng,low
0.45,0.51,2,160,3,1,1,1,sales,low
0.98,0.87,3,246,3,0,0,0,hr,high
0.61,0.93,3,250,4,0,0,0,management,medium
0.63,0.59,5,224,3,0,0,0,sales,low
0.83,0.77,3,171,3,0,0,0,sales,low
0.57,0.78,3,162,2,0,0,0,sales,low
0.59,0.67,4,271,2,0,0,0,support,medium
0.65,1,4,229,4,0,0,0,product_mng,low
0.66,0.51,5,149,3,0,0,0,sales,medium
0.44,0.61,5,230,6,0,0,0,marketing,low
0.49,0.79,5,206,2,0,0,0,support,medium
0.99,0.56,5,210,2,0,0,0,RandD,medium
0.41,0.57,2,160,3,0,1,0,support,low
0.75,0.71,4,205,3,0,0,0,sales,medium
0.65,0.83,5,182,2,1,0,0,IT,low
0.95,0.8,3,225,2,0,0,0,sales,high
0.61,0.57,4,160,3,1,0,0,support,low
0.98,0.55,3,166,6,1,0,0,sales,medium
0.85,0.59,5,236,3,0,0,0,sales,low
0.1,0.97,6,247,4,0,1,0,management,medium
0.95,0.53,4,143,3,0,0,0,support,low
0.82,0.87,3,204,4,0,0,0,support,medium
0.37,0.46,2,140,3,0,1,0,support,low
0.86,0.51,4,211,2,1,0,0,technical,low
0.72,0.5,4,164,2,1,0,0,management,low
0.1,0.77,7,250,5,0,1,0,RandD,medium
0.55,0.66,3,164,2,0,0,0,technical,low
0.94,0.52,5,133,3,0,0,0,support,low
0.63,0.9,4,188,4,1,0,0,sales,low
0.97,0.81,3,249,2,0,0,0,sales,low
0.4,0.55,2,147,3,0,1,0,support,low
0.71,0.55,5,262,3,0,0,0,support,medium
0.49,0.48,4,247,3,0,0,0,RandD,medium
0.52,0.67,4,210,3,1,0,0,technical,low
0.84,0.79,2,150,3,0,0,0,technical,low
0.85,0.76,4,262,2,0,0,0,IT,low
0.69,0.53,4,156,3,0,0,0,support,low
0.9,0.97,4,258,5,0,1,0,accounting,low
0.75,0.92,3,211,3,0,0,0,sales,medium
0.46,0.57,2,139,3,0,1,0,sales,low
0.8,0.74,4,221,4,0,0,0,product_mng,low
0.09,0.62,6,294,4,0,1,0,accounting,low
0.91,1,4,211,3,0,0,0,marketing,low
0.4,0.56,2,149,3,0,1,0,accounting,low
0.88,0.91,4,233,4,0,0,0,technical,high
0.73,0.74,5,199,2,0,0,0,sales,medium
0.37,0.92,4,211,7,0,0,0,sales,high
0.75,0.84,4,195,3,0,0,0,marketing,low
0.2,0.99,5,151,3,1,0,0,support,low
0.89,0.73,3,169,3,0,0,0,support,high
0.39,0.5,2,151,3,0,1,0,RandD,medium
0.84,0.54,4,156,4,0,0,0,sales,high
0.56,0.61,3,250,2,0,0,0,support,high
0.94,0.65,4,213,2,1,0,0,IT,low
0.74,0.75,4,169,4,0,0,0,IT,low
0.19,0.58,4,173,5,0,0,0,accounting,medium
0.87,0.59,4,202,3,0,0,0,IT,medium
0.87,0.57,3,149,2,0,0,0,accounting,medium
0.49,0.79,4,158,3,0,0,0,support,high
0.93,0.76,4,207,2,0,0,0,technical,medium
0.61,0.97,6,286,4,0,0,0,product_mng,medium
0.63,0.93,5,163,3,0,1,0,hr,medium
0.7,0.99,5,135,4,0,0,0,sales,medium
0.53,0.81,3,226,3,1,0,0,sales,low
0.2,0.59,6,113,3,0,0,0,management,high
0.67,0.58,5,161,3,1,0,0,support,low
0.55,0.4,5,219,4,0,0,0,IT,medium
0.73,0.74,3,221,3,0,0,0,RandD,high
0.36,0.52,2,147,3,0,1,0,sales,medium
0.37,0.46,2,149,3,0,1,0,IT,low
0.65,0.66,5,239,4,0,0,0,technical,low
0.68,0.89,4,227,3,0,0,0,technical,medium
0.11,0.9,7,245,4,0,1,0,RandD,medium
0.31,0.62,6,135,5,0,1,0,support,low
0.18,0.6,3,130,2,1,0,0,support,medium
0.61,0.94,3,224,4,0,0,0,technical,medium
0.8,0.62,5,190,4,1,0,0,IT,medium
0.52,0.59,6,104,4,0,0,0,product_mng,medium
0.63,0.52,3,183,2,0,0,0,technical,low
0.17,0.84,5,232,3,0,1,0,sales,low
0.48,0.79,3,180,2,0,0,0,technical,medium
0.97,0.83,3,238,2,0,0,0,support,medium
0.69,0.75,4,261,3,0,0,0,hr,medium
0.99,0.73,4,240,4,0,0,0,accounting,low
0.45,0.46,2,153,3,1,1,0,technical,medium
0.95,0.9,3,186,2,0,0,0,marketing,low
0.41,0.49,2,147,3,0,1,0,sales,low
0.51,1,4,197,2,0,0,0,RandD,low
0.11,0.86,6,254,4,0,1,0,sales,medium
0.4,0.46,2,143,3,0,1,0,hr,medium
0.51,1,3,168,3,1,0,0,RandD,medium
0.11,0.92,6,305,4,0,1,0,technical,low
0.69,0.48,5,232,4,0,0,0,sales,medium
0.96,0.61,3,271,2,0,0,0,hr,medium
0.97,1,5,251,2,0,0,0,accounting,medium
0.52,0.55,4,243,2,0,0,0,RandD,medium
0.58,0.96,3,192,4,0,0,0,RandD,medium
0.83,0.52,5,217,3,0,0,0,RandD,low
0.99,0.54,4,236,4,0,0,0,sales,low
0.86,1,5,229,5,0,1,0,product_mng,low
0.43,0.53,2,131,3,0,1,0,IT,low
0.99,0.92,4,229,2,0,0,0,technical,medium
0.86,0.88,4,274,3,0,0,0,hr,medium
0.61,0.82,3,261,4,0,0,0,IT,low
1,1,5,142,4,0,0,0,sales,low
0.71,0.54,3,249,3,0,0,0,marketing,medium
0.91,0.7,4,196,2,0,0,0,technical,low
0.7,0.47,2,238,3,0,0,0,technical,low
0.87,0.9,5,252,5,0,1,0,IT,low
0.54,0.83,4,201,8,1,0,0,sales,medium
0.49,0.52,5,188,4,0,0,0,product_mng,medium
0.44,0.65,3,271,4,0,1,0,sales,low
0.51,0.43,3,204,4,0,0,0,product_mng,medium
0.49,0.52,4,267,2,0,0,0,technical,high
0.53,0.74,5,237,2,0,0,1,support,medium
0.97,0.93,3,153,2,0,0,0,technical,low
0.52,0.57,3,150,3,0,0,0,sales,low
0.73,0.91,4,241,2,1,0,0,accounting,medium
0.84,0.74,2,168,3,0,0,0,support,low
0.85,0.51,3,261,4,0,0,1,technical,medium
0.69,0.65,3,153,2,0,0,0,marketing,medium
0.22,0.85,6,172,6,1,0,0,technical,medium
0.76,0.89,4,181,3,0,0,0,IT,low
0.43,0.46,2,145,3,0,1,0,sales,low
0.73,0.65,3,145,2,0,0,0,accounting,low
0.41,0.52,2,135,3,0,1,0,sales,low
0.65,0.88,4,268,4,0,0,0,support,medium
0.81,0.58,3,243,4,0,0,0,marketing,high
0.22,0.94,3,193,10,0,0,1,management,high
0.69,0.66,3,113,4,0,0,0,sales,low
0.59,0.64,5,123,2,0,0,0,product_mng,low
0.94,0.88,4,262,2,0,0,0,sales,medium
0.66,0.5,3,218,2,0,0,0,hr,medium
0.63,0.84,4,181,3,0,0,0,technical,medium
0.99,0.58,4,183,3,0,0,0,marketing,low
0.99,0.5,5,214,2,0,0,0,technical,low
0.62,0.53,5,169,3,0,0,0,IT,low
0.8,0.95,3,146,5,0,1,0,hr,low
0.79,0.83,4,250,2,0,0,0,management,medium
0.76,0.98,2,111,2,0,0,0,IT,low
0.41,0.57,2,136,3,0,1,0,support,low
0.68,0.73,3,257,3,0,0,0,sales,low
0.87,0.49,4,213,3,0,0,0,technical,low
0.72,0.98,5,197,4,0,0,0,technical,low
0.39,0.54,2,154,3,0,1,0,marketing,low
0.34,0.87,6,175,4,0,0,0,RandD,low
0.86,0.77,5,237,3,1,0,0,technical,low
0.7,0.98,3,215,2,0,0,0,sales,low
0.95,0.51,3,254,4,0,0,0,technical,medium
0.59,0.62,3,178,4,0,0,0,technical,medium
0.5,0.46,3,165,3,0,0,0,RandD,low
0.58,0.79,4,196,3,1,0,0,hr,low
0.62,0.53,4,147,2,0,0,0,hr,low
0.73,0.92,5,266,5,0,1,0,support,medium
0.54,0.76,4,244,2,0,0,0,support,medium
0.45,0.47,2,160,3,0,1,0,sales,low
0.36,0.68,2,126,4,0,0,0,marketing,high
0.84,0.85,5,246,3,0,0,0,support,medium
0.78,0.55,3,143,3,0,0,0,RandD,low
0.42,0.53,2,142,3,0,1,0,sales,low
0.71,0.87,3,177,4,0,1,0,hr,medium
0.9,0.58,5,260,2,0,0,0,support,medium
0.52,0.89,3,188,6,0,0,0,marketing,medium
0.88,0.88,3,220,4,0,0,0,hr,medium
0.7,0.72,5,134,3,0,0,0,RandD,medium
0.82,0.65,4,168,3,0,0,0,accounting,low
0.16,0.63,6,286,7,0,0,1,sales,medium
0.82,0.54,3,243,4,0,0,0,support,low
0.1,0.84,6,283,4,1,1,0,technical,low
0.49,0.68,4,201,4,0,0,0,sales,medium
0.49,0.52,4,161,7,0,0,0,management,high
0.84,0.99,4,267,5,0,1,0,product_mng,low
0.7,0.38,4,270,2,0,0,0,RandD,low
0.82,0.98,5,234,5,0,1,0,marketing,medium
0.9,0.9,3,274,3,0,0,0,IT,low
0.77,1,5,229,5,0,1,0,management,low
0.17,0.66,6,174,3,0,0,0,sales,medium
0.52,0.74,3,160,2,0,0,0,marketing,high
0.98,0.58,3,183,3,0,0,0,sales,low
0.83,0.89,4,136,3,0,0,0,sales,medium
0.94,0.58,5,222,3,0,0,0,technical,low
0.43,0.54,2,142,3,0,1,0,support,low
0.6,0.66,4,132,4,0,0,0,technical,medium
0.94,0.7,5,147,2,0,0,0,support,medium
0.58,0.8,5,187,3,1,0,0,product_mng,low
0.32,0.5,2,135,5,0,1,0,sales,low
0.61,0.61,4,239,2,0,0,1,hr,high
0.37,0.57,2,129,3,0,1,0,product_mng,low
0.44,0.58,4,152,3,0,0,0,technical,low
0.49,0.9,3,250,2,0,0,0,hr,medium
0.99,0.94,3,244,3,0,0,0,IT,high
0.22,0.57,5,174,6,0,0,0,technical,high
0.5,0.71,4,163,8,0,0,1,hr,medium
0.37,0.55,2,159,3,0,1,0,support,medium
0.36,0.56,2,138,3,0,1,0,accounting,medium
0.73,0.54,4,167,3,0,0,0,IT,medium
0.56,0.76,3,134,2,0,0,0,support,high
0.53,0.66,3,191,3,0,0,0,IT,high
0.85,0.88,3,235,2,0,0,0,technical,medium
0.9,0.65,3,254,2,0,0,0,support,high
0.77,0.79,3,273,2,0,0,0,technical,medium
0.68,0.96,4,255,3,0,0,0,IT,medium
0.89,0.57,4,176,4,0,0,0,support,high
0.83,0.67,3,175,3,0,0,0,product_mng,medium
0.91,0.87,4,235,5,0,1,0,technical,low
0.63,0.9,4,245,3,0,0,0,technical,low
0.6,0.86,6,247,6,0,0,0,product_mng,medium
0.5,0.67,2,142,3,0,0,0,technical,low
0.53,0.88,3,157,3,0,0,0,IT,low
0.74,0.5,4,216,3,0,0,0,sales,medium
0.45,0.46,2,153,3,0,1,0,management,low
0.57,0.7,3,273,6,0,1,0,support,low
0.37,0.52,2,158,3,0,1,0,support,low
0.29,0.57,5,134,2,0,0,1,marketing,medium
0.78,0.58,3,224,2,0,0,0,sales,medium
0.1,0.77,6,310,4,0,1,0,technical,medium
0.3,0.39,3,193,3,1,0,0,IT,low
0.36,0.48,2,156,3,0,1,0,accounting,high
0.89,0.59,4,230,3,0,0,0,hr,medium
0.91,0.59,4,177,4,0,0,0,support,medium
0.87,0.93,3,178,3,0,0,0,management,low
0.53,0.37,3,180,3,0,0,0,support,medium
0.11,0.96,6,298,4,0,1,0,sales,low
0.51,0.76,4,140,3,0,0,0,support,low
0.15,0.48,6,204,6,1,0,0,sales,low
0.1,0.91,7,297,4,0,1,0,technical,low
0.76,0.85,3,192,3,0,0,0,marketing,low
0.41,0.5,3,193,3,0,0,0,sales,medium
0.81,0.61,5,231,2,0,0,0,RandD,medium
0.11,0.82,6,304,4,1,1,0,accounting,low
0.9,0.97,4,239,4,0,0,0,technical,medium
0.7,0.62,3,110,3,0,0,0,product_mng,low
0.62,0.55,4,218,3,0,0,0,support,medium
0.67,0.75,3,194,3,0,0,0,hr,medium
0.85,0.78,3,165,4,0,0,0,marketing,medium
0.9,1,5,232,5,0,1,0,technical,medium
0.44,0.5,2,148,3,0,1,0,accounting,medium
0.54,0.52,5,155,3,0,0,0,technical,low
0.89,0.81,3,268,3,0,0,0,sales,low
0.74,0.64,3,136,2,0,0,0,IT,medium
0.61,0.77,4,252,2,0,0,0,sales,low
0.85,0.5,4,267,3,0,0,0,sales,low
0.55,0.89,4,209,3,0,0,0,RandD,low
0.59,0.52,2,149,3,0,0,0,accounting,medium
0.28,0.45,6,218,4,0,1,0,accounting,low
0.92,0.83,4,268,4,0,0,0,sales,low
0.56,0.59,5,254,4,0,0,0,support,high
0.28,0.83,4,206,5,0,0,0,hr,medium
0.23,0.75,6,220,3,0,0,0,support,medium
0.92,0.93,4,225,2,0,0,1,RandD,medium
0.27,0.59,5,226,5,0,0,0,sales,low
0.57,0.85,4,250,3,1,0,1,marketing,low
0.13,0.84,5,189,5,0,0,0,technical,low
0.58,0.9,3,209,2,0,0,0,management,high
0.82,0.58,4,249,5,0,0,0,technical,medium
0.1,0.94,6,260,4,0,1,0,sales,low
0.93,0.73,3,252,4,0,0,0,product_mng,high
0.75,0.94,5,194,4,0,0,0,technical,low
0.69,0.62,4,183,4,0,0,0,support,low
0.96,0.37,3,111,2,0,0,0,sales,high
0.73,0.82,3,133,3,0,0,0,RandD,medium
0.87,0.71,5,244,2,0,0,0,IT,low
0.56,0.64,3,238,3,0,0,0,support,medium
0.73,0.87,3,227,4,0,0,0,accounting,low
0.56,0.88,4,248,2,0,0,0,sales,medium
0.41,0.56,2,133,3,0,1,0,support,low
0.26,0.69,5,213,2,0,0,0,accounting,high
0.45,0.45,2,140,3,0,1,0,product_mng,low
0.49,0.88,4,270,3,0,0,0,product_mng,low
0.67,0.69,3,231,3,0,0,1,technical,medium
0.89,0.59,3,247,4,0,0,0,technical,low
0.84,0.89,4,245,5,1,1,0,support,medium
0.78,0.66,6,105,5,1,0,0,RandD,low
0.84,0.92,4,274,3,0,0,0,management,medium
0.57,0.56,3,224,2,0,0,0,sales,high
0.35,0.47,4,151,6,0,0,0,management,medium
0.77,0.94,5,226,6,0,1,0,support,low
0.75,1,5,223,6,0,1,0,accounting,medium
0.74,0.83,4,210,3,0,0,0,support,low
0.47,0.46,2,152,2,0,0,0,IT,medium
0.88,0.68,4,274,4,0,0,0,sales,medium
0.43,0.51,2,136,3,0,1,0,hr,medium
0.74,0.89,5,229,6,0,1,0,support,low
0.91,0.99,5,265,5,1,1,0,technical,medium
0.95,0.9,3,186,2,0,0,0,marketing,low
0.46,0.46,2,154,3,0,1,0,accounting,medium
0.82,1,4,229,6,0,1,0,hr,medium
0.09,0.89,7,308,5,0,1,0,hr,medium
0.54,0.94,4,217,2,0,0,0,support,medium
0.78,0.96,3,202,4,1,0,0,marketing,medium
0.73,0.87,3,142,3,0,0,0,management,low
0.97,0.74,4,209,2,0,0,0,sales,low
0.89,0.9,3,240,3,0,0,0,sales,high
0.5,0.64,3,249,2,1,0,0,technical,low
0.09,0.92,7,301,4,0,1,0,marketing,low
0.43,0.47,2,158,3,0,1,0,product_mng,low
0.44,0.51,2,127,3,0,1,0,technical,medium
0.75,0.5,4,98,4,0,0,0,hr,medium
0.78,0.87,5,256,5,0,1,0,support,medium
0.61,0.62,4,269,4,0,0,0,accounting,medium
0.93,0.69,3,213,4,0,0,0,sales,low
0.49,0.89,3,213,2,0,0,0,support,low
0.92,0.97,4,201,2,0,0,0,sales,medium
0.8,0.86,3,203,3,0,0,0,support,medium
0.63,0.71,4,244,2,0,0,0,support,low
0.28,0.94,6,167,3,1,0,0,RandD,low
0.94,0.67,3,142,3,0,0,0,technical,medium
0.82,0.97,3,244,5,0,0,0,sales,medium
0.51,0.54,3,154,3,1,0,0,IT,medium
0.96,0.89,3,142,4,0,0,0,sales,medium
0.84,0.87,4,246,6,0,1,0,hr,low
0.54,0.59,4,228,3,0,0,0,IT,medium
0.5,0.63,3,160,2,0,0,0,sales,medium
0.37,0.46,2,157,3,0,1,0,IT,low
0.51,0.39,3,149,3,0,0,0,marketing,low
0.72,0.73,5,184,4,1,0,0,technical,low
0.78,0.87,4,236,5,0,1,0,sales,medium
0.11,0.88,5,250,4,0,1,0,RandD,medium
0.58,0.77,4,190,6,0,0,0,sales,high
0.82,0.51,3,234,3,0,0,0,sales,low
0.39,0.51,2,132,3,0,1,0,support,medium
0.32,0.72,2,240,5,0,0,0,IT,low
0.45,0.51,2,155,3,1,1,0,sales,medium
0.4,0.49,2,128,3,0,1,0,sales,low
0.66,0.65,3,196,3,1,0,0,technical,low
0.76,0.86,5,223,5,1,1,0,product_mng,medium
0.11,0.85,6,259,4,0,1,0,technical,medium
0.69,0.89,2,202,2,0,0,0,IT,medium
0.64,0.5,3,146,3,0,0,0,technical,low
0.51,0.64,3,203,3,0,0,0,sales,low
0.74,0.79,3,275,3,0,0,0,sales,low
0.15,0.4,3,236,5,0,0,0,hr,medium
0.68,0.55,3,182,3,1,0,0,technical,medium
0.78,0.98,4,157,3,0,0,0,marketing,medium
0.81,0.5,3,198,3,0,0,0,sales,low
0.81,0.92,5,239,5,0,1,0,RandD,medium
0.99,0.57,3,221,3,0,0,0,technical,low
0.71,0.41,5,107,4,0,0,0,technical,medium
0.42,0.56,2,133,3,0,1,0,sales,low
0.51,0.6,5,175,3,0,0,0,technical,medium
0.73,0.94,4,262,3,0,0,0,support,low
0.38,0.47,2,128,3,0,1,0,sales,medium
0.09,0.92,6,261,4,0,1,0,IT,medium
0.53,0.89,3,167,2,0,0,0,product_mng,low
0.82,0.75,4,224,3,0,0,0,sales,low
0.82,0.8,5,205,3,0,0,0,IT,low
1,0.51,5,274,4,0,0,0,IT,medium
0.74,0.74,3,156,3,0,0,0,support,medium
0.89,0.67,3,269,3,0,0,0,sales,medium
0.29,0.43,6,175,3,0,0,0,sales,low
0.37,0.57,2,133,3,0,1,0,technical,low
0.83,0.9,3,102,4,0,0,0,support,medium
0.76,0.5,3,156,3,1,0,0,support,medium
0.44,0.46,2,153,3,0,1,0,hr,low
0.6,0.65,2,225,10,0,0,0,management,high
0.87,0.84,4,237,3,1,0,0,sales,medium
0.09,0.96,6,259,4,0,1,0,support,low
0.62,0.91,3,251,10,0,0,0,sales,medium
0.11,0.78,6,260,4,0,1,0,hr,medium
0.98,0.79,4,231,4,0,0,0,support,medium
0.4,0.52,2,155,3,0,1,0,marketing,low
0.39,0.46,2,159,3,0,1,0,sales,medium
0.45,0.48,2,136,3,0,1,0,product_mng,medium
0.41,0.52,2,136,3,0,1,0,technical,low
0.96,0.51,4,237,3,0,0,0,sales,low
0.31,0.87,4,184,3,0,1,0,technical,low
0.37,0.57,2,155,3,0,1,0,support,low
0.87,0.8,4,197,3,0,0,0,sales,low
0.53,0.92,4,223,3,1,0,0,technical,low
0.94,0.66,3,236,2,0,0,0,hr,high
0.21,0.87,4,148,5,0,0,0,sales,medium
0.48,0.71,2,162,3,1,0,0,sales,high
0.45,0.55,2,140,3,0,1,0,hr,low
0.6,0.67,3,249,2,0,0,0,sales,medium
0.19,0.95,5,193,3,0,0,0,product_mng,medium
0.89,0.66,5,224,2,0,0,0,sales,medium
0.59,0.63,4,153,3,1,0,0,sales,low
0.79,0.84,4,144,2,1,0,0,marketing,medium
0.85,0.65,3,195,3,0,0,0,support,medium
0.73,0.49,4,200,2,1,0,0,technical,low
0.12,0.95,3,236,3,0,0,0,technical,medium
0.95,0.69,3,225,2,0,0,0,technical,high
1,0.61,3,188,4,0,0,0,product_mng,low
0.51,0.53,3,156,3,0,0,0,management,low
0.61,0.5,4,269,3,0,0,0,IT,medium
0.8,0.97,4,220,3,0,0,0,support,low
0.23,0.48,5,221,6,0,0,0,sales,medium
0.89,0.53,5,272,3,0,0,0,IT,low
0.72,0.7,3,163,3,1,0,0,sales,medium
0.89,0.74,5,260,6,0,0,0,technical,medium
0.83,0.6,4,170,3,0,0,0,RandD,low
0.71,0.69,2,172,3,0,0,0,technical,medium
0.88,0.71,4,250,3,0,0,0,RandD,medium
0.77,0.84,3,188,4,0,0,0,sales,medium
0.72,0.85,5,246,5,0,1,0,sales,medium
0.14,0.76,4,142,10,0,0,0,management,high
0.84,0.59,3,234,2,0,0,0,sales,medium
0.2,0.68,5,167,7,0,0,0,marketing,medium
0.43,0.45,2,140,3,0,1,0,sales,low
0.66,0.72,4,271,3,0,0,0,sales,low
0.74,0.46,6,145,3,0,0,0,accounting,low
0.88,0.63,3,184,4,0,0,0,support,medium
0.44,0.68,3,140,3,0,0,0,technical,low
0.13,0.67,3,181,4,0,0,0,technical,low
0.16,0.46,6,240,2,0,0,0,product_mng,low
0.6,0.52,4,190,3,0,0,0,sales,medium
0.89,0.53,4,208,3,0,0,0,sales,high
0.81,0.74,2,228,3,0,0,0,management,high
0.71,0.72,4,137,3,0,0,0,sales,medium
0.5,0.53,3,121,4,0,0,0,support,low
0.81,0.99,4,259,5,0,1,0,sales,low
0.22,0.49,4,218,4,0,0,0,marketing,low
0.24,0.46,7,224,5,0,1,0,accounting,medium
0.67,0.36,4,97,4,0,0,0,sales,medium
0.1,0.92,7,307,4,0,1,0,support,low
0.66,0.5,3,229,3,0,0,0,marketing,low
0.65,0.82,5,265,3,0,0,0,IT,low
0.96,0.66,4,268,3,0,0,0,sales,medium
0.99,0.93,3,261,3,0,0,0,technical,low
0.45,0.46,2,153,3,0,1,0,management,low
0.97,0.67,4,223,3,0,0,0,support,low
0.96,0.85,4,173,3,0,0,0,marketing,high
0.86,0.93,5,223,5,0,1,0,RandD,medium
0.89,1,5,246,5,0,1,0,sales,low
0.6,0.73,2,180,2,0,0,0,sales,high
0.51,0.85,4,186,2,0,0,0,product_mng,low
0.88,0.84,4,170,2,0,0,0,RandD,medium
0.89,0.75,5,258,2,0,0,0,sales,medium
0.77,0.96,3,232,2,1,0,0,RandD,low
0.47,0.51,6,190,5,0,0,1,RandD,medium
0.78,1,4,154,2,0,0,0,IT,low
0.75,0.89,5,154,4,0,0,0,hr,low
0.98,0.67,4,209,6,0,0,0,marketing,low
0.11,0.93,7,284,4,0,1,0,technical,low
0.55,0.99,4,238,3,0,0,0,sales,low
0.58,0.97,3,186,3,0,0,1,marketing,medium
0.5,0.97,2,252,4,0,0,0,management,medium
0.76,0.88,5,265,4,0,0,0,support,low
0.72,0.79,4,192,4,0,0,0,sales,low
0.1,0.82,6,266,4,0,1,0,IT,low
0.94,0.74,5,171,3,0,0,0,IT,low
0.4,0.47,2,144,3,0,1,0,hr,medium
0.47,0.7,4,134,3,0,0,0,sales,low
0.38,0.57,2,140,3,0,1,0,support,low
0.81,0.76,5,134,2,0,0,0,technical,low
0.93,0.74,2,169,4,0,0,0,support,low
0.36,0.52,2,137,3,0,1,0,marketing,low
0.58,0.63,4,271,3,0,0,0,sales,low
0.54,0.71,3,145,3,1,0,0,sales,medium
0.94,0.73,4,204,2,0,0,0,sales,low
0.44,0.61,5,230,6,0,0,0,marketing,low
0.73,0.56,5,239,3,0,0,0,technical,low
0.77,0.87,4,242,6,0,1,0,sales,low
0.93,0.86,4,192,4,0,0,0,IT,high
0.93,0.96,4,223,3,1,0,0,support,high
0.2,0.97,6,224,5,1,0,0,support,medium
0.78,0.5,5,247,4,0,0,0,product_mng,medium
0.85,0.51,3,242,3,0,0,0,hr,medium
0.16,0.72,3,203,3,0,0,0,sales,medium
0.45,0.56,2,146,3,0,1,0,technical,medium
0.68,0.7,3,209,3,0,0,0,technical,high
0.85,0.81,2,223,3,1,0,0,product_mng,low
0.86,0.57,3,162,7,0,0,0,sales,medium
0.86,0.68,5,246,2,0,0,0,sales,medium
0.09,0.85,6,260,4,0,1,0,support,medium
0.09,0.9,7,296,4,0,1,0,technical,medium
0.23,0.96,2,234,4,0,0,0,sales,medium
0.49,0.69,2,188,4,0,0,0,sales,medium
0.98,0.77,5,223,2,1,0,0,support,medium
0.61,0.48,4,257,2,0,0,0,support,high
0.55,0.48,3,162,3,0,0,1,management,high
0.57,0.82,5,233,7,0,0,1,sales,medium
0.98,0.75,5,188,2,0,0,0,sales,low
0.18,0.9,4,282,4,0,0,0,product_mng,medium
0.4,0.59,3,207,6,0,0,0,sales,high
0.67,0.66,6,272,3,0,0,0,sales,low
0.19,0.61,4,127,8,0,0,0,sales,low
0.42,0.47,6,174,5,0,0,0,technical,low
0.86,0.63,4,244,3,0,0,0,product_mng,low
0.18,0.97,4,206,3,0,0,0,hr,high
0.3,0.53,3,148,4,0,0,0,IT,medium
0.51,0.52,3,188,3,0,0,0,technical,high
0.59,0.92,3,138,10,0,0,0,support,low
0.76,0.48,5,173,3,0,0,0,accounting,high
0.66,0.93,5,253,5,0,1,0,product_mng,low
0.38,0.64,3,111,3,0,0,0,technical,medium
0.76,0.99,3,166,3,0,0,0,sales,medium
0.72,0.72,4,175,4,0,0,0,technical,low
0.44,0.49,2,145,3,0,1,0,sales,low
0.63,0.81,3,215,3,0,0,0,support,medium
0.81,0.69,5,134,2,0,0,0,sales,medium
0.47,0.39,6,215,5,0,0,0,sales,medium
0.84,0.99,4,262,6,0,1,0,accounting,medium
0.91,0.97,3,167,2,0,0,0,support,low
0.55,0.63,4,218,2,0,0,0,management,medium
0.79,0.91,5,271,5,0,1,0,sales,low
0.46,0.49,2,138,3,0,1,0,support,low
0.1,0.96,6,292,4,0,1,0,support,medium
0.4,0.45,2,140,3,0,1,0,IT,low
0.41,0.48,3,155,2,1,0,0,technical,medium
0.11,0.89,6,260,5,0,1,0,sales,low
0.52,0.98,5,217,2,1,0,0,technical,low
0.45,0.54,2,129,3,0,1,0,marketing,high
0.09,0.83,7,258,4,0,1,0,product_mng,low
0.36,0.69,3,165,3,0,0,0,sales,medium
0.79,0.57,3,168,2,0,0,0,technical,medium
0.51,0.86,4,260,3,1,0,0,marketing,low
0.5,0.88,4,147,3,0,0,0,support,medium
0.4,0.64,3,188,3,0,0,0,support,low
0.72,0.71,5,248,2,0,0,0,marketing,low
0.48,0.9,4,208,3,0,0,0,sales,low
0.11,0.91,6,308,4,1,1,0,IT,low
0.11,0.83,6,262,5,0,1,0,IT,low
0.88,0.51,3,211,7,0,0,0,sales,medium
0.73,0.59,3,219,2,0,0,0,accounting,low
0.77,0.91,5,274,3,0,0,0,technical,low
0.45,0.53,2,129,3,0,1,0,technical,high
0.58,0.79,2,274,4,0,0,0,support,medium
0.15,0.91,5,230,3,0,0,0,support,medium
0.64,0.94,4,210,3,0,0,0,product_mng,low
0.31,0.86,3,205,5,0,0,0,product_mng,low
1,0.79,5,171,5,0,0,0,IT,medium
0.65,0.9,3,241,3,0,0,0,IT,low
0.85,0.8,4,254,2,0,0,0,product_mng,low
0.73,0.62,4,247,4,0,0,0,sales,low
0.44,0.53,2,159,3,0,1,0,sales,low
0.81,0.62,4,255,4,1,0,0,technical,low
0.46,0.86,2,212,4,0,1,0,sales,medium
0.39,0.43,3,154,3,0,0,0,marketing,low
0.18,0.54,4,165,3,0,0,0,technical,medium
0.83,0.93,5,241,3,0,0,0,sales,low
0.79,0.67,4,152,3,0,0,0,technical,medium
0.91,0.61,3,255,3,0,0,0,accounting,medium
0.83,0.57,3,232,4,0,0,0,hr,medium
0.54,0.95,5,255,2,0,0,0,IT,medium
0.34,0.72,3,118,4,0,0,0,IT,low
0.34,0.71,2,160,3,1,0,0,sales,medium
0.71,0.8,5,248,4,0,0,0,management,medium
0.98,0.58,3,183,3,0,0,0,sales,low
0.4,0.56,2,131,3,0,1,0,IT,low
0.65,0.75,4,270,2,0,0,0,technical,low
0.51,0.84,4,214,2,0,0,0,technical,low
0.65,0.65,4,224,3,0,0,0,sales,low
0.79,0.99,4,183,2,0,0,0,marketing,low
0.49,0.61,3,181,3,0,0,0,product_mng,medium
0.85,0.97,3,256,3,0,0,0,support,low
0.49,0.47,4,285,3,0,0,0,RandD,low
1,0.81,5,243,3,0,0,0,sales,low
0.5,0.7,5,264,2,0,0,0,technical,low
0.1,0.79,7,284,4,0,1,0,IT,medium
0.56,0.75,5,143,5,0,0,0,support,medium
0.64,0.49,5,188,2,0,0,0,IT,low
0.67,0.83,3,220,3,0,0,0,sales,low
0.53,0.64,2,177,4,0,0,0,sales,low
0.71,0.64,3,267,3,0,0,0,technical,low
0.71,0.95,3,251,3,0,0,0,support,low
0.16,0.89,4,196,3,1,0,0,IT,low
0.83,0.65,4,162,3,0,0,0,technical,low
0.87,0.89,3,140,2,1,0,0,RandD,low
0.37,0.46,2,129,3,0,1,0,accounting,low
0.68,0.61,5,271,2,0,0,0,IT,high
0.43,0.56,6,149,4,0,1,0,product_mng,low
0.61,0.82,3,157,2,0,0,0,accounting,low
0.5,0.85,4,150,2,0,0,0,support,high
0.7,0.84,6,161,4,0,1,0,technical,low
0.79,0.71,3,202,3,0,0,0,product_mng,medium
0.22,0.59,5,162,2,0,0,0,support,low
0.31,0.54,5,259,5,1,0,0,technical,medium
0.37,0.57,2,130,3,0,1,0,sales,low
0.72,0.8,3,222,3,0,0,0,IT,medium
0.43,0.47,2,144,3,0,1,0,hr,medium
0.73,0.99,3,160,3,0,0,0,sales,medium
0.49,0.51,2,182,3,0,0,0,sales,low
0.66,0.68,3,258,3,0,0,0,technical,low
0.73,0.69,3,228,2,0,0,1,sales,medium
0.17,0.59,4,179,4,0,0,0,product_mng,low
0.45,0.54,2,131,3,0,1,0,sales,medium
0.77,0.58,4,162,2,0,0,0,support,medium
0.89,0.5,4,147,2,0,0,0,technical,medium
0.5,0.95,5,137,3,0,0,0,technical,low
0.66,1,5,269,5,0,1,0,sales,medium
0.78,0.83,4,217,6,0,1,0,support,medium
0.39,0.56,2,126,3,0,1,0,hr,low
0.71,0.61,2,198,2,1,0,0,marketing,low
0.75,0.64,4,247,3,1,0,0,sales,medium
0.63,0.91,3,252,2,0,0,0,RandD,high
0.89,0.95,4,275,5,0,1,0,technical,medium
0.87,0.98,4,248,5,0,1,0,sales,low
0.49,0.89,4,201,8,0,0,0,sales,medium
0.81,0.87,4,254,5,0,1,0,marketing,low
0.52,0.67,4,182,3,0,0,0,sales,medium
0.53,0.56,4,281,6,0,1,0,hr,medium
0.52,0.61,4,187,4,1,0,0,sales,medium
0.55,0.83,4,199,3,0,0,0,sales,low
0.66,0.48,3,203,4,1,0,0,management,low
0.97,0.63,3,270,4,1,0,0,technical,high
0.83,0.8,3,240,8,0,0,0,sales,low
0.1,0.77,6,255,4,0,1,0,management,low
0.95,0.73,4,238,3,1,0,0,IT,low
0.67,0.93,5,133,2,0,0,0,sales,medium
0.77,0.91,4,161,3,0,0,0,marketing,low
0.43,0.56,2,133,3,0,1,0,RandD,low
0.55,0.6,5,271,3,1,0,0,RandD,medium
0.37,0.5,2,141,3,0,1,0,sales,low
0.82,0.92,5,252,3,0,0,0,management,medium
0.41,0.54,2,190,4,0,0,0,support,low
0.91,0.94,5,257,5,0,1,0,technical,low
0.48,0.81,3,212,2,0,0,0,technical,low
0.59,0.67,2,168,3,0,0,0,support,low
0.1,0.86,5,253,4,0,1,0,technical,low
0.79,0.59,4,187,2,0,0,0,management,low
0.1,0.94,6,287,4,0,1,0,technical,medium
0.39,0.48,3,190,2,0,0,0,technical,low
0.3,0.57,2,158,2,0,0,0,hr,medium
0.96,1,5,152,4,0,0,0,support,low
0.65,1,4,195,3,0,0,0,IT,low
0.56,0.59,3,178,2,0,0,0,technical,medium
0.89,0.66,4,176,3,0,0,0,sales,high
0.75,0.9,4,185,3,0,0,0,accounting,low
0.76,0.91,3,133,2,0,0,0,hr,medium
0.88,1,5,247,5,0,1,0,sales,medium
0.61,0.68,4,244,3,0,0,0,sales,low
0.52,0.89,3,188,6,0,0,0,marketing,medium
0.52,0.54,5,247,4,0,0,0,technical,high
0.1,0.93,6,269,4,0,1,0,IT,low
0.79,0.61,4,227,2,0,0,1,sales,high
0.4,0.46,2,127,3,0,1,0,technical,low
0.72,0.71,3,242,2,0,0,0,technical,medium
0.85,0.48,2,208,4,0,0,0,technical,medium
0.94,0.59,3,234,2,0,0,0,support,medium
0.94,0.66,5,219,3,0,0,0,support,low
0.16,0.87,5,163,3,0,0,0,management,medium
0.11,0.96,7,277,5,0,1,0,sales,low
0.64,0.69,3,207,2,1,0,0,IT,low
0.89,0.89,5,262,5,0,1,0,accounting,low
0.62,0.43,2,106,2,0,0,1,sales,high
0.23,0.94,5,242,4,0,0,0,support,medium
0.81,1,4,253,5,0,1,0,technical,low
0.38,0.5,2,153,3,0,1,0,support,low
0.58,0.49,3,167,3,0,0,0,IT,medium
0.65,0.82,5,265,3,0,0,0,IT,low
0.77,0.9,4,237,5,0,1,0,support,low
0.53,0.85,5,268,3,1,0,0,sales,medium
0.1,0.89,7,308,4,0,1,0,technical,medium
0.46,0.5,2,151,3,0,1,0,technical,medium
0.7,0.9,5,246,2,0,0,0,support,medium
0.6,0.59,5,146,4,0,0,0,accounting,low
0.74,1,4,192,4,0,0,0,technical,high
0.48,0.51,4,152,4,0,0,0,accounting,high
0.17,0.85,6,245,5,0,0,0,sales,medium
0.99,0.75,4,208,2,0,0,0,support,medium
0.81,0.76,5,198,4,0,0,0,IT,medium
0.74,1,5,223,5,0,1,0,accounting,low
0.78,0.93,5,225,5,0,1,0,sales,low
0.96,0.7,4,272,3,0,0,0,product_mng,high
0.72,1,4,245,5,0,1,0,sales,low
0.37,0.49,2,130,3,0,1,0,technical,low
0.63,0.57,5,149,3,0,0,0,support,low
0.86,0.96,4,196,3,0,0,0,sales,low
0.75,0.73,4,274,2,0,0,0,RandD,low
0.4,0.45,2,142,3,0,1,0,technical,low
0.2,0.47,4,230,4,0,0,0,RandD,high
0.82,0.88,4,259,3,0,0,0,support,low
0.42,0.45,3,227,3,0,0,0,sales,medium
0.88,0.91,3,157,2,0,0,0,technical,medium
0.77,0.49,4,266,2,0,0,0,hr,low
0.56,0.67,3,270,2,0,0,0,sales,medium
0.68,0.59,4,147,2,0,0,0,marketing,medium
0.94,0.69,3,269,3,0,0,0,sales,low
0.4,0.47,5,173,5,0,0,0,technical,medium
0.89,0.66,4,235,3,0,0,0,IT,high
0.7,0.84,3,260,4,1,0,0,support,medium
0.61,0.53,4,183,3,0,0,0,marketing,low
0.74,0.54,5,221,3,0,0,0,technical,medium
0.74,0.66,3,177,2,0,0,0,sales,low
0.24,0.7,5,147,6,1,0,0,support,medium
0.75,0.85,3,250,6,0,0,0,technical,medium
0.66,0.85,3,266,5,0,0,0,sales,low
1,0.93,5,231,2,0,0,0,marketing,medium
0.52,0.64,4,268,3,0,0,0,marketing,low
0.43,0.55,2,129,3,0,1,0,sales,low
0.61,0.56,2,160,3,0,0,0,support,medium
0.9,0.98,5,243,6,0,1,0,marketing,low
0.29,0.81,3,189,6,0,0,0,technical,low
0.86,0.85,5,267,5,0,1,0,sales,medium
0.44,0.46,2,143,3,0,1,0,IT,low
0.11,0.84,6,251,4,0,1,0,technical,low
0.65,0.89,4,204,8,1,0,0,support,low
0.87,0.88,3,179,2,0,0,0,sales,medium
0.78,0.87,4,264,3,0,0,0,accounting,medium
0.54,0.65,3,147,3,1,0,0,support,low
0.61,0.59,3,162,2,1,0,0,IT,low
0.88,0.58,2,123,4,0,0,0,sales,low
0.53,0.77,4,259,2,1,0,1,sales,medium
0.48,0.61,3,223,3,1,0,0,support,medium
0.09,0.83,6,250,4,0,1,0,sales,medium
0.45,0.53,3,181,4,1,0,0,accounting,low
0.98,0.62,5,260,2,1,0,0,support,low
0.8,0.99,3,158,3,0,0,0,sales,low
0.8,0.95,3,247,3,0,0,0,hr,medium
0.25,0.98,4,166,5,1,0,0,technical,low
0.24,0.85,4,155,5,0,0,0,product_mng,low
0.77,0.95,3,246,3,0,0,0,hr,low
0.43,0.65,4,124,2,0,0,0,sales,medium
0.11,0.97,6,284,4,0,1,0,sales,low
0.8,0.81,4,194,3,1,0,0,RandD,low
0.88,0.59,2,144,3,0,0,0,sales,medium
0.64,0.51,4,247,2,1,0,0,support,low
0.56,0.98,3,220,3,0,0,0,technical,low
0.83,0.95,3,264,2,0,0,0,marketing,low
0.83,0.92,4,235,5,0,1,0,sales,low
0.42,0.54,2,143,3,1,1,0,sales,low
0.93,0.6,4,184,3,0,0,0,sales,medium
0.41,0.47,2,143,3,1,1,0,technical,low
0.71,0.93,5,140,8,0,0,0,marketing,medium
0.11,0.89,6,306,4,0,1,0,technical,low
0.66,0.81,3,174,3,0,0,0,technical,low
0.73,0.68,5,190,2,0,0,0,sales,medium
0.63,0.72,2,161,5,0,0,0,hr,medium
0.74,0.58,4,178,4,0,0,0,sales,medium
0.38,0.5,2,150,3,1,1,0,support,medium
0.85,0.55,4,260,2,1,0,0,sales,low
0.39,0.5,2,142,3,0,1,0,hr,medium
0.14,0.83,5,175,6,1,0,0,IT,low
0.89,0.62,5,196,3,0,0,0,support,low
0.92,0.79,5,243,3,1,0,0,support,high
0.64,0.92,5,211,2,1,0,0,IT,medium
0.61,0.7,3,225,3,0,0,0,accounting,low
0.7,0.89,3,183,5,0,1,0,support,low
0.72,0.72,5,194,4,0,0,0,technical,low
0.73,0.95,3,149,2,0,0,0,support,low
0.39,0.52,2,102,8,0,0,0,technical,medium
0.6,0.86,6,247,6,0,0,0,product_mng,medium
0.82,0.75,3,230,4,1,0,0,accounting,medium
0.43,0.86,5,125,3,1,0,0,sales,low
0.39,0.91,2,212,2,0,0,0,management,high
0.8,0.52,3,147,3,1,0,0,technical,medium
0.88,0.6,4,208,7,0,0,1,management,high
0.53,0.75,4,201,2,0,0,0,sales,low
0.66,0.56,4,185,3,0,0,0,sales,medium
0.69,0.54,3,164,7,0,0,0,sales,medium
0.59,0.65,4,177,2,0,0,0,product_mng,low
0.51,0.87,2,130,4,0,0,0,sales,medium
0.63,0.85,4,182,3,1,0,0,sales,high
0.45,0.6,2,98,3,0,0,0,product_mng,low
0.19,0.8,4,249,5,0,0,0,sales,low
0.75,0.99,5,221,5,0,1,0,product_mng,low
0.24,0.48,4,145,3,1,0,0,technical,high
0.92,0.49,5,178,2,1,0,0,RandD,medium
0.87,0.75,3,132,3,0,0,0,technical,medium
0.98,0.56,3,157,2,0,0,0,management,low
0.36,0.42,2,192,2,0,0,0,technical,low
0.61,0.97,3,199,3,1,0,0,accounting,high
0.92,0.54,3,246,3,0,0,0,RandD,medium
0.53,0.96,4,272,2,0,0,0,support,low
0.38,0.51,2,159,3,0,1,0,sales,low
0.16,0.93,6,218,6,1,0,0,product_mng,high
0.91,0.96,4,232,5,0,1,0,sales,low
0.71,0.68,3,231,2,1,0,0,product_mng,low
0.63,0.88,5,260,3,0,0,0,marketing,medium
0.11,0.92,7,265,4,0,1,0,technical,low
0.79,0.82,4,220,3,0,0,0,sales,medium
0.91,0.75,2,147,3,0,0,0,marketing,low
0.61,0.47,2,253,3,0,1,0,sales,low
0.91,0.57,3,164,3,0,0,0,technical,medium
0.13,0.97,4,162,6,0,0,0,sales,low
0.54,0.75,3,240,3,0,0,0,support,medium
0.96,0.84,4,272,4,1,0,0,sales,medium
0.4,0.5,2,129,3,0,1,0,IT,medium
0.49,0.94,3,144,3,1,0,0,technical,medium
0.87,0.9,3,174,2,0,0,0,IT,low
0.41,0.49,2,146,3,0,1,0,IT,low
0.59,0.54,4,176,2,0,0,0,technical,medium
0.58,0.91,3,124,2,0,0,0,technical,medium
0.42,0.89,6,188,5,1,0,0,sales,low
0.34,0.41,2,141,3,0,0,0,technical,medium
0.61,0.64,3,187,2,0,0,0,sales,medium
0.9,0.85,3,158,7,0,0,0,marketing,medium
0.51,0.51,3,274,2,0,0,0,product_mng,medium
0.16,0.95,6,117,7,0,0,0,sales,medium
0.82,0.63,4,232,4,0,0,0,technical,low
0.53,0.78,2,138,2,0,0,0,RandD,low
0.2,0.87,3,140,6,1,0,0,hr,low
0.62,0.68,3,253,5,1,0,0,RandD,low
0.42,0.47,2,159,3,0,1,0,marketing,low
0.36,0.51,2,135,3,0,1,0,IT,low
0.51,0.65,4,269,3,0,0,0,support,medium
0.77,0.86,5,238,3,0,0,0,management,high
0.52,0.79,4,234,3,0,0,0,support,low
0.45,0.63,5,111,5,0,0,0,management,medium
0.37,0.54,2,145,3,0,1,0,RandD,medium
0.91,0.61,4,243,2,1,0,0,accounting,low
0.81,0.49,2,205,5,1,0,0,sales,low
0.77,0.75,4,191,3,0,0,0,IT,medium
0.71,0.78,4,227,2,0,0,0,support,low
0.43,0.48,2,144,3,0,1,0,sales,low
0.6,0.78,4,152,3,1,0,0,technical,medium
0.94,0.58,4,159,3,0,0,0,sales,medium
0.82,0.99,4,263,6,0,1,0,technical,medium
0.75,0.85,3,250,6,0,0,0,technical,medium
0.38,0.79,5,176,3,0,0,0,sales,low
0.82,0.9,4,232,3,0,0,0,RandD,low
0.77,0.96,5,249,6,0,1,0,technical,low
0.75,0.53,5,235,3,0,0,0,sales,medium
0.22,0.7,2,274,10,0,0,0,sales,high
0.52,0.53,2,286,3,0,0,0,sales,medium
0.72,0.98,4,180,2,0,0,0,sales,medium
0.96,0.54,5,161,3,1,0,0,accounting,high
0.81,0.51,3,162,2,0,0,0,IT,medium
0.64,0.54,3,166,2,0,0,0,support,medium
0.12,0.9,3,200,3,0,0,0,support,low
0.49,0.49,4,212,7,0,0,0,product_mng,medium
0.72,0.64,4,140,2,0,0,0,sales,low
0.74,0.63,4,170,2,0,0,0,IT,medium
0.85,0.82,5,184,3,0,0,0,sales,medium
0.4,0.48,2,161,3,0,1,0,IT,medium
0.64,0.52,3,269,2,0,0,0,sales,medium
0.41,0.68,3,191,4,0,0,0,sales,medium
0.68,0.51,3,185,3,0,0,0,marketing,medium
0.73,0.86,4,245,6,0,1,0,sales,low
0.42,0.47,2,157,3,0,1,0,accounting,low
0.42,0.47,2,130,3,0,1,0,hr,low
0.72,1,3,197,3,0,0,0,IT,medium
0.7,0.58,4,207,2,1,0,0,sales,medium
0.76,0.89,5,238,5,0,1,0,technical,high
0.17,0.36,6,191,2,0,0,0,product_mng,medium
0.14,0.57,6,275,5,0,0,0,sales,low
0.31,0.95,5,205,3,0,0,0,accounting,low
0.81,0.55,4,217,8,0,0,0,accounting,medium
0.77,0.55,3,217,3,0,0,0,support,medium
0.79,0.96,4,180,3,0,0,0,technical,low
0.4,0.54,2,148,3,0,1,0,support,low
0.71,0.66,5,187,2,0,0,0,sales,medium
0.99,0.69,3,190,3,0,0,0,support,medium
0.62,0.98,4,107,2,0,0,0,sales,low
0.65,0.4,5,125,4,0,0,0,sales,low
0.37,0.74,2,197,3,0,0,0,product_mng,low
0.45,0.46,2,128,3,0,1,0,sales,low
0.63,0.94,3,237,3,1,0,0,RandD,medium
0.58,0.76,3,220,3,0,0,0,support,medium
0.92,0.76,5,246,2,1,0,0,accounting,low
0.44,0.54,2,127,3,0,1,0,management,medium
0.62,0.4,3,158,8,1,0,0,marketing,low
0.95,0.59,2,154,4,0,0,0,sales,high
0.5,0.97,4,217,3,0,0,0,hr,low
0.63,0.93,4,201,3,0,0,0,IT,low
0.73,0.98,3,227,2,1,0,0,hr,high
0.2,0.76,5,188,3,0,0,0,IT,low
0.38,0.5,2,152,3,0,1,0,sales,high
0.43,0.48,2,157,3,0,1,0,sales,medium
0.9,0.94,5,247,5,0,1,0,technical,low
0.99,0.71,4,232,3,0,0,0,support,medium
0.31,0.84,7,133,5,0,1,0,technical,low
0.97,0.67,3,169,2,1,0,0,sales,medium
0.94,0.6,3,193,3,0,0,0,sales,low
0.39,0.51,2,129,3,0,1,0,IT,low
0.96,0.85,5,168,2,0,0,0,support,low
0.36,0.48,2,159,3,0,1,0,product_mng,low
0.8,0.9,4,136,3,0,0,0,technical,low
0.48,0.69,4,222,2,0,0,0,technical,medium
0.71,0.87,5,173,3,0,0,0,sales,low
0.91,0.52,4,172,4,1,0,0,management,high
0.96,0.85,4,247,3,0,0,0,sales,high
0.54,0.53,4,245,2,0,0,0,technical,low
0.82,0.84,5,244,5,0,1,0,sales,low
0.79,0.97,5,208,4,1,0,0,technical,medium
0.77,0.58,4,243,4,1,0,1,sales,medium
0.75,0.55,2,184,2,0,0,0,support,low
0.58,0.99,3,207,10,0,0,0,technical,low
0.97,0.85,4,219,3,0,0,0,technical,medium
0.44,0.65,3,175,2,0,0,0,IT,low
0.64,0.38,6,215,3,0,0,0,IT,medium
0.62,0.68,3,134,2,0,0,0,sales,medium
0.64,0.64,3,180,2,1,0,0,sales,low
0.51,0.56,4,157,3,0,0,0,IT,medium
0.11,0.81,5,287,4,0,1,0,sales,low
0.09,0.9,7,289,5,0,1,0,technical,low
0.98,0.51,3,157,3,0,0,0,marketing,medium
0.46,0.48,2,161,3,0,1,0,technical,low
0.65,0.85,4,201,10,0,0,0,support,low
0.85,0.79,3,217,2,0,0,0,technical,medium
0.84,0.65,3,134,3,0,0,0,technical,medium
0.54,0.82,2,279,3,1,0,0,marketing,low
0.21,0.57,5,239,3,0,0,0,sales,high
0.56,0.94,3,154,3,1,0,0,support,low
0.37,0.37,3,168,3,0,0,0,hr,low
0.76,0.55,4,147,3,0,0,0,sales,low
0.32,0.47,3,143,4,0,0,0,IT,medium
0.17,0.85,3,234,3,0,0,0,RandD,low
0.36,0.41,3,167,10,0,0,0,support,low
0.16,0.66,6,229,6,0,0,0,marketing,low
0.79,0.73,2,147,2,0,0,0,technical,medium
0.37,0.52,2,140,3,0,1,0,management,medium
0.52,0.73,4,245,4,0,0,0,technical,medium
0.17,0.4,4,286,3,0,0,0,support,low
0.7,0.63,3,157,2,0,0,0,RandD,medium
0.73,0.85,5,224,4,0,0,0,IT,low
0.93,0.96,3,268,4,0,0,0,technical,low
0.62,0.82,3,204,10,0,0,0,accounting,medium
0.98,0.97,3,209,3,0,0,0,support,low
0.74,0.64,4,147,5,0,0,0,technical,medium
0.95,0.9,3,155,3,0,0,0,technical,medium
0.74,0.91,4,232,5,0,1,0,technical,medium
0.11,0.92,6,260,4,0,1,0,support,low
0.14,0.38,5,115,6,1,0,0,marketing,high
0.19,0.64,5,231,4,1,0,0,IT,medium
0.76,0.9,4,263,5,0,1,0,support,low
0.5,0.78,6,138,3,0,0,0,sales,medium
0.38,0.5,2,140,3,0,1,0,sales,low
0.63,0.77,3,176,2,1,0,0,sales,low
0.53,0.51,4,240,2,0,0,0,marketing,low
0.95,0.49,4,178,2,0,0,0,sales,low
0.87,0.88,5,269,5,0,1,0,technical,low
0.38,0.53,2,138,3,0,1,0,product_mng,low
0.57,0.82,5,218,3,0,0,0,support,medium
0.2,0.53,6,189,4,0,0,0,marketing,medium
0.78,0.65,3,139,3,0,0,0,marketing,high
0.34,0.62,4,158,2,0,0,0,technical,medium
0.21,0.58,5,197,4,0,0,0,technical,low
0.89,0.57,3,252,2,0,0,0,support,medium
0.45,0.51,2,160,3,1,1,1,sales,low
0.37,0.49,2,148,3,0,1,0,sales,low
0.11,0.84,6,287,4,0,1,0,accounting,medium
0.95,0.6,2,144,3,0,0,0,IT,high
0.98,0.88,5,232,3,0,0,0,marketing,low
0.24,0.5,4,282,4,1,0,0,support,low
0.81,0.98,6,196,2,0,0,0,support,low
0.76,0.51,4,242,3,0,0,0,sales,medium
0.51,0.91,4,269,5,0,0,1,support,medium
0.65,0.54,4,147,10,0,0,0,sales,low
0.85,0.86,3,231,3,0,0,0,support,medium
0.8,0.53,3,217,3,0,0,0,management,high
0.68,0.75,6,274,5,0,0,0,sales,low
0.25,0.98,6,287,5,1,0,0,sales,low
0.61,0.9,3,263,3,0,0,0,IT,medium
0.72,0.7,3,149,3,0,0,0,support,medium
0.62,0.91,3,133,3,0,0,0,RandD,medium
0.66,0.56,4,185,3,0,0,0,sales,medium
0.23,0.7,3,123,5,0,0,0,sales,medium
0.78,0.89,4,272,2,0,0,0,support,low
0.2,0.93,4,101,5,0,0,0,support,low
0.53,0.9,3,210,3,0,0,0,sales,medium
0.46,0.5,2,146,3,0,1,0,IT,medium
0.52,0.72,4,186,2,0,0,0,sales,medium
0.31,0.57,4,200,4,0,0,0,IT,medium
0.39,0.38,4,135,2,0,0,0,product_mng,high
0.71,0.78,4,227,2,0,0,0,support,low
0.5,0.48,2,150,3,1,0,0,technical,low
0.8,0.82,3,178,3,0,0,0,support,low
0.21,0.52,5,130,2,0,0,0,IT,low
0.84,0.83,4,227,5,0,1,0,accounting,low
0.1,0.77,7,291,4,0,1,0,accounting,low
0.09,0.92,7,245,4,0,1,0,technical,medium
0.97,0.74,3,134,3,1,0,0,marketing,high
0.59,0.99,5,254,3,1,0,0,sales,low
0.11,0.89,6,293,4,0,1,0,support,low
0.98,0.99,4,261,10,1,0,0,sales,low
0.69,0.74,2,271,2,0,0,0,product_mng,low
0.67,0.82,4,246,4,0,0,0,accounting,medium
0.5,0.6,4,200,2,0,0,1,support,medium
0.38,0.45,2,156,3,0,1,0,sales,medium
0.88,0.63,3,273,3,1,0,0,RandD,low
0.91,0.56,4,251,4,0,0,0,product_mng,medium
0.4,0.54,2,148,3,0,1,0,support,low
0.89,0.92,5,237,5,0,1,0,sales,medium
0.86,0.84,5,222,5,0,1,0,IT,low
0.37,0.45,2,151,3,0,1,0,support,low
0.09,0.87,7,295,4,0,1,0,product_mng,low
0.79,0.82,5,158,2,0,0,0,support,low
0.69,0.57,5,245,2,1,0,0,sales,low
0.79,0.94,4,232,5,0,1,0,technical,medium
0.17,0.76,4,280,5,0,0,0,hr,low
0.72,0.81,4,200,2,0,0,0,marketing,low
0.53,0.46,2,167,2,0,0,0,RandD,medium
0.98,0.91,4,240,3,0,0,0,technical,low
0.24,0.74,3,269,4,1,0,0,support,medium
0.97,0.75,5,228,4,0,0,0,sales,low
0.84,0.68,3,231,3,0,0,0,product_mng,low
0.92,0.77,5,217,4,0,0,0,marketing,low
0.24,0.94,6,141,3,1,0,0,sales,low
0.82,0.89,4,239,2,0,0,0,product_mng,medium
0.67,0.6,4,209,2,0,0,0,technical,low
0.55,0.49,5,195,3,0,0,0,sales,low
0.11,0.83,6,244,4,0,1,0,hr,medium
0.64,0.61,4,136,3,0,0,0,sales,high
1,0.91,3,160,4,0,0,0,sales,medium
0.69,0.8,5,203,2,1,0,0,support,high
0.55,0.6,3,180,4,0,1,0,technical,medium
0.45,0.64,3,169,10,0,0,0,IT,medium
0.36,0.56,2,137,3,0,1,0,sales,low
0.93,0.49,3,211,2,0,0,0,technical,medium
0.81,0.92,4,268,3,0,0,0,sales,low
0.5,0.56,3,164,3,0,0,0,accounting,medium
0.63,0.61,4,171,3,0,0,0,sales,low
0.44,0.81,3,248,2,0,0,0,accounting,medium
0.58,0.7,5,151,4,0,0,0,marketing,medium
0.71,0.65,4,239,3,0,0,0,technical,low
0.78,0.9,4,238,2,0,0,0,support,low
0.88,0.83,4,273,10,0,0,0,sales,medium
0.39,0.56,2,156,3,0,1,0,IT,low
0.98,0.99,5,141,3,0,0,0,sales,low
0.75,0.71,4,209,3,0,0,0,sales,medium
0.93,0.99,4,136,4,0,0,0,hr,low
0.89,0.47,4,108,3,0,0,0,technical,low
0.8,0.63,5,180,5,0,1,0,support,medium
0.87,0.98,4,173,3,0,0,0,marketing,low
0.49,0.99,6,230,4,0,0,0,accounting,low
0.39,0.52,2,134,3,0,1,0,technical,low
0.94,0.6,4,215,2,1,0,0,IT,medium
0.11,0.87,5,271,4,0,1,0,sales,low
0.8,0.94,4,141,3,1,0,0,product_mng,medium
0.89,0.92,3,195,2,0,0,0,marketing,medium
0.61,0.88,5,134,4,0,0,0,technical,low
0.49,0.49,3,168,7,0,0,0,sales,low
0.18,0.99,4,160,5,0,0,0,accounting,low
0.1,0.83,7,276,4,0,1,0,accounting,low
0.85,0.75,4,139,3,0,0,0,sales,low
0.16,0.64,6,143,5,1,0,0,support,low
0.78,0.66,3,164,3,0,1,0,sales,low
0.57,0.59,4,197,3,0,0,0,sales,low
0.88,0.81,4,179,3,0,0,0,management,high
0.95,0.84,3,240,7,0,0,0,sales,medium
0.73,0.88,5,204,5,0,0,0,sales,low
0.91,1,5,251,6,0,1,0,sales,low
0.11,0.77,6,264,4,0,1,0,technical,low
0.48,0.94,3,173,2,0,0,0,management,low
0.09,0.88,6,269,4,0,1,0,technical,medium
0.73,0.93,3,249,2,0,0,0,IT,medium
0.95,0.97,4,203,2,0,0,0,sales,low
0.38,0.5,2,140,3,0,1,0,sales,low
0.56,0.84,5,154,2,1,0,0,support,low
0.32,0.74,3,211,3,0,0,0,technical,low
0.59,0.41,4,139,3,0,0,0,accounting,low
0.67,0.64,4,149,4,0,0,0,technical,low
0.46,0.55,2,145,3,0,1,0,technical,low
0.99,0.68,5,264,10,1,0,0,support,medium
0.64,0.63,3,156,6,1,0,0,support,low
0.9,0.78,4,225,2,1,0,0,sales,medium
0.66,0.51,4,254,2,0,0,0,sales,medium
0.84,0.83,3,215,3,0,0,0,accounting,high
0.21,0.65,3,183,3,0,0,0,technical,low
0.43,0.55,2,130,3,0,1,0,support,high
0.95,0.9,3,155,3,0,0,0,technical,medium
0.65,0.79,4,241,4,0,0,0,IT,medium
0.63,0.92,2,198,2,0,0,0,hr,low
0.21,0.94,3,287,5,0,0,0,RandD,high
0.43,0.47,2,147,3,0,1,0,support,low
0.65,0.52,2,117,10,1,0,0,support,low
0.34,0.62,3,119,2,0,0,0,technical,low
0.55,0.51,3,192,3,0,0,0,accounting,medium
0.77,0.43,4,265,6,0,0,0,support,high
0.59,0.93,5,172,2,0,0,0,technical,medium
0.64,0.61,3,263,3,0,0,0,support,low
0.37,0.47,2,152,3,0,1,0,product_mng,low
0.99,0.58,2,166,3,0,0,0,marketing,medium
0.13,0.52,6,188,3,0,0,0,sales,medium
0.81,0.96,4,219,2,0,0,0,technical,low
0.53,0.72,3,228,3,0,0,0,sales,medium
0.11,0.85,6,261,4,0,1,0,support,low
0.92,0.85,4,184,3,0,0,0,sales,low
0.69,0.84,3,227,3,1,0,0,sales,high
0.49,0.76,4,202,3,0,0,0,management,low
0.64,0.65,3,181,2,0,0,0,technical,high
0.85,0.64,5,256,7,0,0,0,product_mng,low
0.57,0.7,3,273,6,0,1,0,support,low
0.79,0.9,5,146,3,1,0,0,support,high
0.94,0.95,5,170,3,0,0,0,support,medium
0.11,0.94,6,286,4,0,1,0,IT,medium
0.92,0.55,4,183,3,0,0,0,technical,low
0.72,0.66,3,256,2,0,0,0,IT,medium
0.36,0.78,2,151,4,0,1,0,technical,low
0.98,0.73,5,185,3,0,0,0,accounting,medium
0.75,0.78,2,264,3,1,0,0,technical,medium
0.66,0.66,3,225,3,0,0,0,technical,low
0.62,0.87,6,169,2,1,0,0,sales,medium
0.69,0.59,5,182,4,0,0,0,technical,high
0.17,0.83,6,195,5,0,0,0,support,high
0.64,0.62,4,145,3,1,0,0,sales,low
0.4,0.46,2,149,3,0,1,0,technical,medium
0.6,0.61,3,195,3,0,0,0,sales,medium
0.44,0.56,2,158,3,0,1,0,accounting,medium
0.89,0.84,3,166,2,0,0,0,support,high
0.92,0.93,4,208,3,0,0,0,technical,medium
0.88,0.89,2,201,3,0,0,0,accounting,high
0.24,0.7,5,194,3,0,0,0,sales,low
0.66,0.81,4,148,4,0,0,0,product_mng,low
0.37,0.52,2,157,3,0,1,0,sales,low
0.48,0.62,4,210,2,0,0,0,sales,medium
0.63,0.66,4,157,2,0,0,0,support,medium
0.31,0.7,3,132,3,0,0,0,product_mng,low
0.99,0.84,4,142,10,0,0,0,technical,high
0.78,0.56,3,271,4,0,0,0,marketing,medium
0.97,0.81,5,266,2,0,0,0,sales,low
0.89,0.96,5,239,3,0,0,0,support,low
0.39,0.54,2,154,3,0,1,0,marketing,low
0.59,0.39,4,190,5,0,0,0,sales,medium
0.86,0.98,4,270,5,0,1,0,technical,low
0.94,0.7,6,217,5,0,0,0,sales,low
0.78,0.63,3,192,2,0,0,0,support,medium
0.97,0.87,3,207,4,0,0,0,RandD,low
0.69,0.75,5,201,3,0,0,0,accounting,low
0.24,0.71,3,187,5,0,0,0,IT,low
0.24,0.81,4,217,5,0,0,0,sales,medium
0.77,0.91,4,161,3,0,0,0,marketing,low
0.7,0.48,5,273,2,0,0,0,sales,medium
0.98,0.96,4,253,3,0,0,0,sales,low
0.37,0.47,2,138,3,1,1,0,accounting,medium
0.5,0.76,4,198,3,0,0,0,support,medium
0.81,0.57,3,224,2,0,0,0,hr,medium
0.6,0.58,2,182,2,0,0,0,support,medium
0.98,0.69,3,152,2,0,0,0,sales,medium
0.84,0.88,3,194,3,0,0,0,RandD,low
0.94,0.87,4,240,3,0,0,0,product_mng,low
0.1,0.85,6,297,5,0,1,0,sales,high
0.5,0.91,4,148,2,0,0,0,technical,medium
0.5,0.7,3,159,3,0,0,0,hr,low
0.39,0.53,2,146,3,0,1,0,sales,low
0.5,0.9,5,226,2,0,0,0,management,high
0.75,0.78,2,259,3,0,0,0,product_mng,low
0.76,0.4,2,245,5,0,0,0,product_mng,medium
0.63,0.88,3,177,3,0,0,0,sales,low
0.21,0.7,3,238,8,0,0,0,technical,medium
0.87,0.63,3,143,3,1,0,0,IT,low
0.51,0.63,3,234,2,0,0,0,sales,high
0.1,0.85,7,279,4,0,1,0,RandD,medium
0.61,0.62,4,140,3,1,0,0,support,medium
0.26,0.83,3,168,3,0,0,0,sales,low
0.78,0.61,5,260,2,0,0,0,accounting,medium
0.83,0.57,4,232,3,0,0,0,sales,medium
0.24,0.78,5,131,5,0,0,0,sales,low
0.97,0.63,3,133,3,0,0,0,hr,low
0.77,0.74,4,202,4,0,0,0,support,medium
0.38,0.55,2,148,3,0,1,0,support,low
0.8,0.99,3,248,3,1,0,0,sales,medium
0.11,0.83,7,255,5,0,1,0,product_mng,medium
0.85,0.72,3,245,10,0,0,0,accounting,medium
0.83,0.51,4,199,3,0,0,0,support,low
0.91,0.81,3,220,3,1,0,0,support,low
0.93,0.7,5,231,7,0,0,1,sales,high
0.65,0.75,3,194,4,1,0,0,sales,low
0.5,0.83,4,242,2,0,0,0,support,medium
0.87,0.87,4,144,3,0,0,0,support,low
0.2,0.58,5,199,4,0,0,0,sales,low
0.91,0.56,4,158,3,0,0,0,technical,medium
0.58,0.91,3,223,2,0,0,0,technical,low
0.81,0.45,6,98,3,0,0,0,sales,low
0.5,0.87,5,245,2,0,0,0,technical,low
0.65,0.57,3,238,3,0,0,0,hr,low
1,0.93,5,231,2,0,0,0,marketing,medium
0.4,0.46,2,131,3,0,1,0,technical,low
0.37,0.49,2,138,3,0,1,0,technical,low
0.32,0.86,4,214,5,0,0,0,sales,medium
0.83,0.84,4,206,2,0,0,0,sales,medium
0.92,0.61,4,252,2,0,0,0,support,medium
0.91,0.6,4,133,4,1,0,0,sales,medium
0.41,0.49,2,130,3,0,1,0,marketing,low
0.91,0.94,5,159,3,0,0,0,technical,low
0.8,0.94,4,271,4,0,0,1,sales,medium
0.37,0.72,3,121,2,0,0,0,sales,low
0.98,0.87,4,152,2,0,0,0,sales,high
0.43,0.53,2,150,3,0,1,0,sales,low
0.49,0.88,4,240,8,0,0,0,product_mng,medium
0.1,0.83,6,269,4,0,1,0,IT,low
0.9,0.88,5,254,2,0,0,0,marketing,medium
0.23,0.66,4,212,4,1,0,0,accounting,low
0.8,1,3,177,2,0,0,0,technical,medium
0.77,0.57,4,203,3,1,0,0,support,high
0.56,0.79,5,248,3,0,0,0,sales,medium
0.91,0.5,3,276,4,0,0,0,support,low
0.44,0.48,2,155,3,0,1,0,support,low
0.82,0.51,2,268,2,0,0,0,management,high
0.62,0.71,3,255,2,0,0,0,technical,medium
0.86,0.94,3,212,3,0,0,0,sales,medium
0.83,0.65,3,231,2,0,0,0,support,low
0.44,0.52,2,149,3,0,1,0,marketing,low
0.74,0.85,4,105,5,0,0,0,sales,high
0.19,0.55,5,148,4,0,0,0,support,medium
0.95,0.58,5,169,2,0,0,0,support,low
0.36,0.41,3,167,10,0,0,0,support,low
0.76,0.72,3,242,5,1,0,0,technical,medium
0.13,0.95,5,149,2,0,0,0,technical,low
0.72,0.95,5,271,5,0,1,0,support,low
0.76,0.72,3,263,3,0,0,0,product_mng,medium
0.89,0.91,5,260,5,0,1,0,sales,low
0.49,0.95,4,181,3,0,0,0,support,medium
0.94,0.93,4,220,3,0,0,0,accounting,low
0.63,0.64,3,243,3,0,0,0,technical,medium
0.32,0.87,4,179,4,0,0,0,technical,medium
0.09,0.8,6,301,5,0,1,0,IT,medium
0.53,0.56,4,281,6,0,1,0,hr,medium
0.8,0.56,2,204,3,0,0,0,sales,high
0.23,0.37,3,247,4,0,0,0,hr,medium
0.49,0.48,3,190,2,0,0,0,technical,medium
0.46,0.57,2,154,3,0,1,0,IT,low
0.43,0.57,2,129,3,0,1,0,sales,medium
0.98,0.81,4,266,6,0,0,0,IT,medium
0.68,0.51,4,176,4,1,0,0,sales,low
0.79,0.97,3,271,2,0,0,0,hr,medium
0.65,0.7,4,233,3,0,0,0,support,medium
0.67,0.71,5,265,2,0,0,1,sales,medium
0.93,0.94,4,217,2,0,0,0,management,low
0.73,0.6,3,137,3,0,0,0,hr,medium
0.93,0.57,5,143,2,0,0,0,support,medium
0.35,0.71,6,204,4,1,0,0,technical,medium
0.88,0.75,5,152,3,0,0,0,hr,high
0.92,0.69,4,149,6,1,0,0,RandD,medium
0.69,0.73,4,233,2,0,0,0,accounting,low
0.56,0.57,4,161,3,0,0,0,sales,medium
0.22,0.69,3,212,3,0,0,0,sales,medium
0.76,0.69,4,253,3,0,0,0,IT,low
0.1,0.79,6,271,4,0,1,0,technical,medium
0.61,0.37,4,165,6,0,0,0,marketing,medium
0.4,0.42,3,146,2,1,0,0,hr,medium
0.28,0.92,3,151,3,0,0,0,sales,low
0.52,0.92,4,112,2,0,0,0,technical,medium
0.56,0.74,3,154,2,0,0,0,hr,medium
0.88,0.9,4,152,4,0,0,0,RandD,medium
0.59,0.97,5,179,6,0,0,0,support,medium
0.9,0.66,4,160,2,1,0,0,support,medium
0.48,0.62,3,200,3,1,0,0,RandD,medium
0.52,0.96,5,251,2,1,0,0,sales,low
0.4,0.62,4,127,5,0,0,0,accounting,low
0.44,0.87,5,104,4,0,0,0,technical,high
0.09,0.97,7,268,4,0,1,0,support,medium
0.4,0.5,2,128,3,0,1,0,sales,low
0.95,0.53,3,264,3,0,0,0,sales,low
0.78,0.71,3,249,5,0,1,0,marketing,medium
0.87,0.74,4,178,2,1,0,0,support,medium
0.86,0.91,4,147,3,0,0,0,technical,medium
0.92,0.64,4,190,10,1,0,0,management,low
0.62,0.73,3,138,3,0,0,0,RandD,medium
0.7,0.83,5,241,2,0,0,0,sales,medium
0.49,0.6,2,113,5,0,0,0,IT,low
0.11,0.79,6,292,4,0,1,0,IT,low
0.53,0.51,3,274,2,1,0,0,product_mng,medium
0.56,0.62,5,238,3,0,0,0,sales,low
0.52,0.8,3,252,4,0,0,0,product_mng,low
0.64,0.45,3,135,6,0,0,0,sales,low
0.39,0.47,2,142,3,0,1,0,technical,low
0.1,0.84,6,246,4,0,1,0,hr,medium
0.72,0.84,4,195,2,0,0,0,technical,low
0.64,0.38,5,122,4,0,0,0,sales,low
0.57,0.78,3,206,4,0,0,0,RandD,medium
0.56,0.62,4,247,3,0,0,0,product_mng,low
0.93,0.89,3,255,7,1,0,0,sales,medium
0.51,0.58,4,140,2,1,0,0,product_mng,low
0.86,0.71,5,235,4,0,0,0,IT,medium
0.92,0.66,4,113,3,0,0,0,technical,low
0.96,0.74,5,244,2,1,0,0,IT,low
0.61,0.92,3,222,4,0,0,0,sales,medium
0.82,0.59,5,170,3,0,0,0,product_mng,low
0.71,0.9,3,138,3,0,0,0,marketing,medium
0.72,0.54,4,219,2,0,0,0,technical,medium
0.51,0.92,3,224,3,0,0,0,accounting,medium
0.11,0.95,6,279,4,0,1,0,technical,low
0.72,0.96,3,143,3,0,0,0,sales,low
0.49,0.76,3,208,2,0,0,0,technical,low
0.68,0.85,3,209,2,0,0,0,management,medium
0.76,0.64,4,234,2,0,0,0,sales,high
0.91,0.99,5,228,4,1,0,0,sales,low
0.82,0.49,4,180,2,0,0,0,RandD,low
0.75,0.75,4,266,3,0,0,0,hr,medium
0.94,0.83,4,156,2,0,0,0,sales,medium
0.49,1,2,125,4,1,0,0,sales,low
0.81,0.73,4,272,2,0,0,0,sales,medium
0.36,0.48,2,159,3,0,1,0,product_mng,low
1,0.49,4,227,3,1,0,0,IT,medium
0.78,0.98,5,239,6,0,1,0,marketing,low
0.65,0.66,6,240,4,0,0,0,RandD,medium
0.78,0.95,4,184,3,0,0,0,sales,low
0.21,0.63,5,226,3,0,0,0,support,medium
0.68,0.72,3,213,3,0,0,1,marketing,medium
0.95,0.94,2,269,4,1,0,0,sales,low
0.66,0.65,5,161,3,0,0,0,support,medium
0.4,0.55,2,147,3,0,1,0,support,low
0.2,0.96,2,249,3,0,0,0,sales,low
0.87,1,5,274,5,0,1,0,hr,low
0.88,0.77,3,279,3,1,0,0,sales,medium
0.78,0.57,4,157,3,0,0,0,accounting,low
0.98,0.6,4,191,3,0,0,0,IT,low
0.79,0.81,4,203,3,0,0,0,RandD,medium
0.6,0.97,3,187,3,1,0,0,sales,medium
0.77,0.98,5,259,6,0,1,0,product_mng,low
0.92,1,4,261,4,0,0,0,sales,medium
0.42,0.96,3,270,6,0,0,0,support,low
0.97,0.91,3,246,2,0,0,0,accounting,low
0.1,0.8,7,281,4,0,1,0,technical,low
0.62,0.62,4,136,2,0,0,0,sales,medium
0.79,0.48,4,178,2,0,0,0,technical,low
0.66,0.68,4,152,3,0,0,0,marketing,high
0.78,0.89,4,272,2,0,0,0,support,low
0.44,0.53,2,149,3,0,1,0,sales,low
0.67,0.77,5,167,2,0,0,0,support,medium
0.83,0.88,5,239,5,0,1,0,support,low
0.86,0.92,5,252,5,0,1,0,RandD,low
0.1,0.87,6,254,5,0,1,0,support,low
0.86,0.68,5,263,2,0,1,0,technical,medium
0.61,0.71,3,152,4,1,0,0,support,medium
0.64,0.48,2,157,2,0,0,0,sales,medium
0.35,0.63,3,156,3,0,0,0,sales,medium
0.23,0.88,5,201,3,0,0,0,technical,low
0.09,0.62,6,294,4,0,1,0,accounting,low
0.72,0.55,4,145,3,0,0,0,technical,low
0.53,0.85,5,161,2,0,0,0,technical,medium
0.76,0.92,4,239,5,0,1,0,product_mng,low
0.57,0.85,4,164,3,0,0,0,sales,low
0.52,0.79,5,265,3,1,0,0,support,high
0.73,0.92,3,199,3,1,0,0,management,medium
0.71,0.76,5,172,2,1,0,0,support,high
0.65,0.85,4,172,3,0,0,0,sales,medium
0.42,0.48,2,143,3,0,1,0,sales,low
0.79,0.89,5,239,5,0,1,0,sales,low
0.78,0.76,5,168,4,1,0,0,sales,low
0.62,0.69,3,261,2,0,0,0,IT,medium
0.98,0.73,2,237,3,0,0,0,sales,medium
0.14,0.66,5,281,4,1,0,0,accounting,medium
0.77,0.51,4,142,4,0,0,0,sales,low
0.41,0.56,2,150,3,0,1,0,product_mng,low
0.1,0.97,6,282,4,0,1,0,hr,medium
0.44,0.45,2,124,3,0,0,0,sales,low
0.51,1,5,196,4,0,0,0,sales,medium
0.9,0.82,5,259,5,0,1,0,support,low
0.67,0.49,3,247,10,0,0,0,sales,medium
0.42,0.55,2,146,3,0,1,0,hr,low
0.79,0.45,5,131,6,0,0,0,support,low
0.69,0.91,4,186,3,0,0,0,support,low
0.18,0.52,5,185,6,0,0,0,product_mng,high
0.78,0.8,3,135,7,0,0,0,sales,medium
0.53,0.92,3,199,2,0,0,0,hr,medium
0.61,0.77,5,232,7,0,0,0,sales,medium
0.68,0.89,5,218,5,0,0,0,sales,low
0.47,0.79,3,284,10,0,0,0,sales,low
0.54,0.64,3,190,7,0,0,0,sales,medium
0.74,0.58,4,148,2,0,0,0,product_mng,medium
0.17,0.93,3,218,4,0,0,0,technical,low
0.36,0.47,2,148,3,0,1,0,technical,medium
0.71,0.84,3,139,2,0,0,0,hr,low
0.45,0.54,2,135,3,0,1,0,sales,low
0.37,0.54,2,149,3,0,1,0,support,low
0.82,0.84,5,244,5,0,1,0,sales,low
0.55,0.79,3,162,2,0,0,0,technical,low
0.38,0.43,3,188,7,0,0,0,sales,medium
0.43,0.41,4,190,3,0,0,0,product_mng,medium
0.1,0.77,6,265,4,0,1,0,sales,low
0.45,0.47,2,160,3,0,1,0,sales,low
0.7,0.55,4,256,4,0,0,0,hr,medium
0.62,0.7,5,180,4,0,0,0,product_mng,high
0.1,0.96,6,310,5,0,1,0,support,low
0.63,0.93,6,171,3,1,0,0,support,low
0.74,0.86,3,186,3,1,0,0,sales,high
0.43,0.46,2,149,3,0,1,0,technical,medium
0.27,0.48,4,185,2,0,0,0,support,low
0.77,0.73,3,201,10,0,0,0,management,high
0.66,0.8,4,252,3,0,0,0,IT,medium
0.65,0.77,2,248,3,0,0,0,support,low
0.84,0.55,5,264,3,0,0,0,technical,medium
0.68,0.67,4,162,10,0,0,0,management,high
0.23,0.84,5,131,5,0,0,0,sales,low
0.09,0.82,6,249,4,0,1,0,technical,medium
0.55,0.62,5,197,2,0,0,0,technical,low
0.39,0.46,2,159,3,0,1,0,sales,medium
0.7,0.84,4,184,3,0,0,0,sales,medium
0.46,0.49,2,148,3,0,1,0,sales,low
0.62,0.9,4,155,4,0,0,0,sales,low
0.36,0.51,2,135,3,0,1,0,IT,low
0.92,0.94,2,224,2,0,0,0,sales,low
0.68,0.76,3,190,3,1,0,0,technical,medium
0.39,0.48,2,141,3,0,1,0,product_mng,medium
0.45,0.45,2,132,3,0,1,0,marketing,low
0.59,0.71,5,222,3,0,0,0,technical,low
0.56,0.73,3,226,3,0,0,0,RandD,medium
0.21,0.76,6,219,4,1,0,0,sales,medium
0.4,0.52,2,155,3,0,1,0,marketing,low
0.11,0.84,7,310,4,0,1,0,sales,medium
0.8,0.79,3,217,3,0,0,0,technical,low
0.99,0.55,3,97,6,1,0,0,technical,medium
0.36,0.51,2,143,3,0,1,0,technical,low
0.65,0.82,4,257,3,0,0,0,technical,low
0.23,0.51,6,194,4,1,0,0,RandD,medium
0.7,0.95,5,234,6,1,0,0,sales,medium
0.65,0.95,3,266,3,1,0,0,support,low
0.84,0.97,4,253,2,1,0,0,sales,low
0.92,0.53,3,238,2,0,0,0,product_mng,low
0.64,0.99,4,222,2,0,0,0,technical,low
0.85,0.6,4,257,3,0,0,0,technical,medium
0.83,0.83,5,260,5,0,1,0,IT,medium
0.98,0.89,3,150,3,0,0,0,support,high
0.56,0.85,3,265,10,1,0,0,management,low
0.53,0.47,6,106,6,0,0,0,management,high
0.42,0.77,3,270,3,0,0,0,product_mng,low
0.16,0.7,3,178,3,1,0,0,technical,low
0.42,0.8,4,259,7,1,0,0,sales,medium
0.49,0.71,3,255,2,1,0,0,accounting,low
0.44,0.55,2,156,3,0,1,0,hr,medium
0.72,0.62,4,252,2,1,0,0,technical,medium
0.6,0.65,4,160,2,0,0,0,IT,low
0.44,0.57,5,183,2,1,0,0,sales,low
0.7,0.91,4,181,2,1,0,0,technical,low
0.45,0.49,2,134,3,0,1,0,RandD,medium
0.31,0.42,4,108,4,0,0,0,technical,low
0.86,0.93,5,223,5,0,1,0,RandD,medium
0.56,0.81,5,274,4,0,0,0,RandD,medium
0.62,0.85,3,237,3,1,0,0,IT,medium
0.85,0.77,4,264,3,0,0,0,IT,low
0.09,0.8,6,304,4,0,1,0,technical,low
0.09,0.77,6,290,4,0,1,0,technical,medium
0.37,0.47,2,141,3,0,1,0,technical,medium
0.16,0.68,5,149,7,1,0,0,sales,medium
0.6,0.59,5,266,2,0,0,0,RandD,low
0.71,0.59,4,138,3,0,0,0,management,medium
0.61,0.86,4,153,5,0,0,0,IT,medium
0.49,0.68,3,192,7,0,0,0,management,high
0.52,0.63,5,241,3,0,0,0,sales,low
0.48,0.94,3,185,2,1,0,0,IT,medium
0.43,0.38,3,119,2,0,0,0,sales,low
0.1,0.79,6,291,4,0,1,0,sales,low
0.91,0.55,3,223,4,1,0,0,technical,low
0.57,0.67,3,207,2,0,0,0,technical,medium
0.69,0.66,4,178,3,0,0,0,RandD,low
0.64,0.64,3,192,3,1,0,0,accounting,medium
0.43,0.51,5,168,4,0,0,0,product_mng,medium
0.81,0.8,5,132,2,1,0,0,management,high
0.44,0.52,2,137,3,0,1,0,technical,medium
0.91,0.82,3,145,3,1,0,0,support,medium
0.39,0.53,2,127,3,0,1,0,sales,medium
0.56,0.39,3,106,8,0,0,0,management,high
0.93,0.48,3,276,3,0,0,0,IT,low
0.71,0.63,3,204,3,0,0,0,marketing,low
0.46,0.53,3,135,2,0,0,0,management,low
0.71,0.7,4,213,3,0,0,0,sales,low
0.77,0.74,5,243,2,0,0,0,technical,low
0.54,0.57,3,257,2,0,0,0,IT,medium
0.43,0.51,2,136,3,0,1,0,hr,medium
0.75,0.71,5,147,4,1,0,0,IT,medium
0.94,0.73,3,196,3,0,0,0,hr,medium
0.43,0.5,2,152,3,0,1,0,management,medium
0.62,0.96,5,251,2,0,0,0,hr,high
0.74,0.86,5,262,5,0,1,0,RandD,low
0.67,0.67,3,183,3,0,0,0,accounting,medium
0.64,0.59,3,174,3,1,0,0,accounting,low
0.81,0.69,5,109,2,0,0,0,IT,high
0.52,0.83,3,153,2,0,0,0,sales,medium
0.41,0.75,4,199,3,0,0,0,sales,low
0.76,0.75,3,239,2,0,0,0,hr,low
0.54,0.9,3,164,3,0,0,0,technical,high
0.48,0.41,5,286,3,0,0,0,support,high
0.73,0.72,3,166,3,0,0,0,technical,medium
0.63,0.87,5,248,2,0,0,0,technical,low
0.91,0.88,5,223,3,0,0,0,support,low
0.4,0.87,5,250,4,0,0,0,sales,low
0.57,0.66,3,268,3,0,0,0,sales,low
0.98,0.51,4,223,2,0,0,0,sales,low
0.5,0.95,2,208,2,0,0,0,hr,low
0.83,0.99,3,226,3,0,0,0,support,medium
0.89,0.74,4,174,2,0,0,0,sales,low
0.82,0.98,5,234,5,0,1,0,marketing,medium
0.81,0.77,5,251,2,0,0,0,sales,low
0.77,0.55,2,172,2,0,0,0,technical,medium
0.6,0.99,5,161,3,0,0,0,management,high
0.55,0.47,3,194,2,0,0,0,IT,high
0.61,0.98,3,138,5,1,0,0,hr,medium
0.19,0.58,5,182,2,0,0,0,technical,medium
0.62,0.64,4,163,3,0,0,0,technical,low
0.5,0.53,3,191,2,1,0,0,hr,low
0.26,0.85,6,152,4,0,0,0,support,medium
0.54,0.9,3,206,3,0,0,0,technical,medium
0.13,0.5,3,137,5,0,0,0,RandD,low
0.82,0.82,4,164,2,0,0,0,sales,low
0.09,0.93,6,255,4,0,1,0,RandD,medium
0.99,0.81,3,183,2,0,0,0,technical,low
0.68,0.81,3,232,2,0,0,0,support,medium
0.39,0.54,2,127,3,0,1,0,IT,low
0.89,0.73,3,274,2,0,0,0,sales,medium
0.56,0.4,2,255,3,0,0,0,sales,medium
0.67,0.74,3,204,3,0,0,0,RandD,medium
0.75,0.85,4,181,3,0,0,0,technical,low
0.62,0.57,3,174,2,0,0,0,sales,low
0.66,0.89,4,139,3,0,0,0,product_mng,medium
0.22,0.62,3,180,3,0,0,0,support,low
0.13,0.97,3,156,2,0,0,0,support,medium
0.51,0.5,4,246,3,0,0,0,hr,low
0.1,0.97,7,254,4,0,1,0,sales,low
0.91,0.91,3,167,3,0,0,0,marketing,medium
0.78,0.83,4,158,3,0,0,0,IT,high
0.88,0.56,4,243,4,0,0,0,accounting,medium
0.24,0.91,5,258,6,0,0,0,support,low
0.62,0.91,3,269,8,0,0,0,support,medium
0.95,0.63,3,153,2,0,0,0,sales,low
0.52,0.65,4,264,3,0,0,0,product_mng,medium
0.22,0.52,6,175,4,0,0,0,technical,medium
0.76,0.74,4,187,3,0,0,0,support,medium
0.5,0.79,3,186,3,0,0,0,sales,high
0.59,0.55,4,138,2,0,0,0,marketing,high
0.74,0.67,4,158,3,0,0,0,sales,low
0.57,0.78,3,134,3,0,0,0,RandD,medium
0.69,0.67,4,141,3,0,0,0,sales,medium
0.1,0.94,6,297,5,0,1,0,marketing,low
0.38,0.51,2,159,3,0,1,0,technical,low
0.1,0.83,6,295,4,0,1,0,product_mng,medium
1,0.79,5,171,5,0,0,0,IT,medium
0.43,0.55,2,129,3,0,1,0,sales,low
0.67,0.61,3,251,2,0,0,0,marketing,low
0.99,0.37,5,155,3,0,0,0,sales,low
0.66,0.74,4,179,3,0,0,0,accounting,low
0.5,0.8,3,234,3,0,0,0,technical,low
0.78,0.89,3,211,3,0,0,0,support,medium
0.93,0.98,3,241,3,0,0,0,IT,medium
0.38,0.43,3,188,7,0,0,0,sales,medium
0.11,0.79,6,292,4,0,1,0,IT,low
0.9,0.65,3,254,2,0,0,0,support,high
0.42,0.46,2,143,3,0,1,0,RandD,low
0.78,0.66,4,156,3,1,0,0,technical,low
0.89,0.91,5,224,3,1,0,0,sales,low
0.52,0.67,4,216,3,0,0,0,support,medium
0.1,0.93,6,298,4,0,1,0,technical,medium
0.66,0.59,3,204,3,0,0,0,product_mng,high
0.61,0.39,3,99,2,0,0,0,support,low
0.14,0.66,5,281,4,1,0,0,accounting,medium
0.15,0.67,6,195,2,0,0,0,sales,medium
0.52,0.92,4,150,2,1,0,0,support,low
0.84,0.56,5,97,6,0,0,0,technical,low
0.45,0.48,2,136,3,0,1,0,product_mng,medium
0.11,0.84,7,296,4,0,1,0,sales,low
0.93,0.97,5,255,4,0,0,0,support,medium
0.76,0.76,3,216,3,0,0,0,sales,low
0.82,1,4,229,6,0,1,0,hr,medium
0.09,0.62,6,294,4,0,1,0,accounting,low
0.57,0.62,3,154,2,0,0,0,sales,medium
0.85,0.56,3,159,3,0,0,0,hr,medium
0.99,0.9,4,175,3,1,0,0,sales,high
0.37,0.55,2,140,3,0,1,0,technical,low
0.65,0.59,3,167,2,0,0,0,technical,high
0.61,0.7,4,161,3,1,0,0,management,high
0.45,0.49,2,144,3,0,1,0,accounting,low
0.92,0.6,5,236,3,1,0,1,sales,medium
0.53,0.61,3,148,10,0,0,0,management,high
0.78,0.98,5,239,6,0,1,0,marketing,low
0.79,0.65,5,215,2,1,0,0,sales,medium
0.11,0.87,5,271,4,0,1,0,sales,low
0.84,0.99,4,262,6,0,1,0,accounting,medium
0.91,1,5,251,6,0,1,0,sales,low
0.37,0.59,3,134,3,0,0,0,technical,medium
0.92,0.51,3,223,2,0,0,0,sales,medium
0.61,0.75,2,100,4,0,0,0,technical,low
0.74,1,4,249,5,0,1,0,IT,low
0.46,0.45,2,138,3,0,1,1,IT,low
0.66,0.69,3,257,2,0,0,0,support,medium
0.49,0.73,4,244,3,0,1,0,support,low
0.65,0.85,4,201,10,0,0,0,support,low
0.82,0.71,5,208,2,0,0,0,management,low
0.5,0.54,4,175,2,0,0,0,technical,low
0.69,0.98,4,180,3,0,0,0,support,medium
0.83,0.57,2,246,5,1,0,0,accounting,low
0.89,1,4,260,5,0,1,0,RandD,low
0.88,0.84,3,266,3,0,0,0,accounting,low
0.74,0.99,4,156,3,0,0,0,product_mng,medium
0.11,0.82,7,285,4,0,1,0,IT,medium
0.47,0.56,4,226,3,0,0,0,marketing,low
0.48,0.98,3,257,2,0,0,0,support,medium
0.4,0.37,3,123,2,0,0,0,sales,medium
0.72,0.79,3,221,3,0,0,0,product_mng,high
0.85,0.92,3,188,4,0,0,0,technical,medium
0.1,0.8,6,264,4,0,1,0,technical,low
0.85,0.87,4,152,7,0,0,0,sales,low
0.82,0.92,5,225,5,0,1,0,sales,low
0.5,0.53,4,263,3,0,0,0,IT,medium
0.57,0.7,4,237,6,0,0,0,accounting,low
0.96,0.93,3,238,2,0,0,0,technical,low
0.26,0.81,5,139,4,0,0,0,product_mng,medium
0.5,0.78,4,185,3,0,0,0,RandD,high
0.42,0.44,3,183,2,0,0,0,product_mng,medium
0.9,0.85,3,158,7,0,0,0,marketing,medium
0.11,0.81,5,287,4,0,1,0,sales,low
0.78,1,4,253,5,0,1,0,marketing,low
0.65,0.66,5,165,3,0,0,0,support,medium
0.87,0.82,5,138,3,1,0,0,management,low
0.36,0.47,2,148,3,0,1,0,technical,medium
0.56,0.97,5,163,2,0,0,0,management,high
0.83,0.74,4,249,2,0,0,0,support,medium
0.84,0.85,5,260,5,0,1,0,support,low
0.1,0.91,6,255,4,0,1,0,sales,medium
0.15,0.89,3,251,4,0,0,0,marketing,high
0.93,0.86,4,169,4,0,0,0,sales,low
0.64,0.5,3,261,2,0,0,0,sales,low
0.65,0.83,4,251,2,0,0,0,technical,medium
0.36,0.5,2,132,3,0,1,0,technical,low
0.69,0.98,3,214,2,0,0,0,sales,low
0.43,0.57,2,127,3,0,1,0,IT,low
0.11,0.89,6,293,4,0,1,0,support,low
0.75,0.66,4,202,2,0,0,0,support,low
0.52,0.49,4,249,4,1,0,0,technical,medium
0.32,0.48,4,117,10,0,0,1,marketing,medium
0.54,0.77,5,270,3,0,0,0,accounting,medium
0.56,0.64,3,270,3,0,0,0,support,medium
0.96,0.91,3,257,3,0,0,0,support,medium
0.57,0.49,2,237,2,0,0,0,support,low
0.71,0.59,4,143,2,0,0,0,hr,medium
0.36,0.48,2,156,3,0,1,0,accounting,high
0.94,0.77,5,233,4,0,0,0,technical,high
0.79,0.62,5,167,3,0,0,0,sales,low
0.6,0.52,3,236,3,0,0,0,sales,medium
0.61,0.62,3,191,3,0,0,0,technical,low
0.63,0.83,4,145,4,0,0,0,support,medium
0.61,0.61,4,246,2,0,0,0,accounting,low
0.51,0.49,4,234,2,0,0,0,sales,medium
0.41,0.5,2,149,3,0,1,0,RandD,low
0.24,0.38,6,109,2,0,0,0,support,medium
0.1,0.86,6,309,4,0,1,0,sales,medium
0.12,0.49,4,191,5,0,0,0,IT,low
0.59,0.99,3,185,2,0,0,0,support,medium
0.78,0.58,3,154,3,0,0,0,IT,low
0.4,0.46,2,134,3,0,1,0,accounting,low
0.72,0.51,3,146,2,1,0,0,sales,low
